,ilce_adi,mahalle_adi,mahalle_uavt,cok_agir_hasarli_bina_sayisi,agir_hasarli_bina_sayisi,orta_hasarli_bina_sayisi,hafif_hasarli_bina_sayisi,can_kaybi_sayisi,agir_yarali_sayisi,hastanede_tedavi_sayisi,hafif_yarali_sayisi,dogalgaz_boru_hasari,icme_suyu_boru_hasari,atik_su_boru_hasari,gecici_barinma,1980_oncesi,1980-2000_arasi,2000_sonrasi,1-4 kat_arasi,5-9 kat_arasi,9-19 kat_arasi,mahalle_nufus,segment
0,ADALAR,BURGAZADA,40139,54,99,256,241,8,6,24,42,0,0,1,398,433.0,214.0,173.0,802.0,18.0,0.0,1455,3
1,ADALAR,HEYBELÝADA,40142,101,175,423,393,25,21,66,113,1,1,2,763,836.0,347.0,212.0,1359.0,36.0,0.0,4158,1
2,ADALAR,KINALIADA,40143,53,97,287,302,5,3,15,27,0,1,1,420,610.0,244.0,158.0,923.0,89.0,0.0,1795,1
3,ADALAR,MADEN,40140,104,192,483,484,22,18,64,113,1,1,2,847,863.0,510.0,308.0,1637.0,44.0,0.0,4349,1
4,ADALAR,NÝZAM,40141,101,180,445,422,16,13,48,83,1,2,2,687,842.0,426.0,217.0,1434.0,51.0,0.0,3150,1
5,ARNAVUTKÖY,ADNAN MENDERES,40490,1,3,21,57,0,0,1,3,0,0,0,89,0.0,244.0,121.0,353.0,12.0,0.0,3996,3
6,ARNAVUTKÖY,ANADOLU,99359,2,13,108,371,0,0,8,26,1,1,1,659,0.0,1360.0,845.0,1647.0,555.0,3.0,33177,0
7,ARNAVUTKÖY,ARNAVUTKÖY MERKEZ,40478,1,6,51,199,0,0,2,10,0,1,1,273,0.0,685.0,589.0,797.0,470.0,7.0,18695,3
8,ARNAVUTKÖY,ATATÜRK,40482,1,6,49,129,0,0,2,8,0,0,0,209,0.0,565.0,216.0,754.0,27.0,0.0,7726,3
9,ARNAVUTKÖY,BAKLALI,191981,1,5,23,65,0,0,0,0,0,0,0,26,0.0,332.0,184.0,515.0,1.0,0.0,825,3
10,ARNAVUTKÖY,BALABAN,191983,0,1,7,25,0,0,0,0,0,0,0,7,0.0,242.0,53.0,295.0,0.0,0.0,413,3
11,ARNAVUTKÖY,BOÐAZKÖY ÝSTÝKLAL,40483,2,14,95,249,0,0,3,10,0,1,1,246,90.0,864.0,540.0,1452.0,42.0,0.0,9925,3
12,ARNAVUTKÖY,BOLLUCA,40487,1,6,46,125,0,0,1,5,0,0,0,177,0.0,578.0,185.0,716.0,47.0,0.0,6984,3
13,ARNAVUTKÖY,BOYALIK,191985,1,4,21,63,0,0,0,0,0,0,0,24,0.0,313.0,205.0,514.0,4.0,0.0,674,3
14,ARNAVUTKÖY,ÇÝLÝNGÝR,40494,1,5,28,76,0,0,0,0,0,0,0,38,0.0,315.0,176.0,485.0,6.0,0.0,1072,3
15,ARNAVUTKÖY,DELÝKLÝKAYA,40910,1,7,50,120,0,0,0,2,1,1,1,173,0.0,291.0,279.0,478.0,36.0,56.0,4857,3
16,ARNAVUTKÖY,DURSUNKÖY,40911,1,5,18,45,0,0,0,1,0,0,0,22,0.0,204.0,72.0,276.0,0.0,0.0,464,3
17,ARNAVUTKÖY,DURUSU,40915,0,2,10,30,0,0,0,0,0,0,0,16,0.0,208.0,43.0,251.0,0.0,0.0,792,3
18,ARNAVUTKÖY,FATÝH,40495,1,4,21,59,0,0,0,1,0,0,0,51,0.0,219.0,198.0,406.0,11.0,0.0,2484,3
19,ARNAVUTKÖY,HACIMAÞLI,191975,0,3,16,41,0,0,0,0,0,0,0,20,1.0,137.0,107.0,244.0,1.0,0.0,551,3
20,ARNAVUTKÖY,HADIMKÖY,40913,1,7,63,203,0,0,0,4,1,1,1,387,0.0,418.0,793.0,909.0,229.0,73.0,21598,3
21,ARNAVUTKÖY,HARAÇÇI,40489,2,12,82,230,0,0,0,4,1,1,1,209,0.0,813.0,622.0,1356.0,79.0,0.0,8297,3
22,ARNAVUTKÖY,HASTANE,40912,1,6,45,147,0,0,0,5,0,0,0,148,0.0,434.0,391.0,578.0,237.0,10.0,8205,3
23,ARNAVUTKÖY,HÝCRET,40486,0,3,24,61,0,0,0,2,0,0,0,91,0.0,221.0,113.0,323.0,11.0,0.0,3086,3
24,ARNAVUTKÖY,ÝMRAHOR,40481,3,17,96,255,0,0,2,11,1,1,1,301,0.0,1141.0,471.0,1585.0,27.0,0.0,10052,3
25,ARNAVUTKÖY,ÝSLAMBEY,40479,2,11,88,268,0,0,4,18,1,0,1,395,0.0,1184.0,481.0,1452.0,204.0,9.0,18832,3
26,ARNAVUTKÖY,KARABURUN,191987,0,3,32,112,0,0,0,0,0,0,0,34,0.0,404.0,710.0,1110.0,4.0,0.0,1521,3
27,ARNAVUTKÖY,KARLIBAYIR,40488,2,9,60,186,0,0,1,8,0,0,1,188,0.0,669.0,465.0,944.0,183.0,7.0,8308,3
28,ARNAVUTKÖY,MAREÞAL FEVZÝ ÇAKMAK,40493,1,6,50,141,0,0,0,1,0,1,1,115,0.0,458.0,450.0,881.0,27.0,0.0,4611,3
29,ARNAVUTKÖY,MAVÝGÖL,40485,1,6,53,146,0,0,0,3,0,0,0,146,0.0,420.0,520.0,907.0,33.0,0.0,7412,3
30,ARNAVUTKÖY,MEHMET AKÝF ERSOY,40491,1,4,26,73,0,0,0,3,0,0,1,132,0.0,255.0,218.0,465.0,8.0,0.0,6349,3
31,ARNAVUTKÖY,MUSTAFA KEMAL PAÞA,99358,1,7,53,161,0,0,3,11,0,0,1,254,0.0,707.0,273.0,843.0,137.0,0.0,12585,3
32,ARNAVUTKÖY,NENEHATUN,99357,1,5,43,124,0,0,0,7,0,0,1,180,0.0,561.0,223.0,707.0,77.0,0.0,8344,3
33,ARNAVUTKÖY,ÖMERLÝ,40906,1,7,49,124,0,0,0,3,1,0,0,189,0.0,273.0,329.0,477.0,83.0,42.0,6818,3
34,ARNAVUTKÖY,SAZLIBOSNA,40907,0,5,26,68,0,0,0,1,0,0,0,46,0.0,338.0,55.0,393.0,0.0,0.0,1149,3
35,ARNAVUTKÖY,TAÞOLUK,40492,1,6,44,122,0,0,1,6,0,0,1,120,0.0,607.0,179.0,750.0,36.0,0.0,5816,3
36,ARNAVUTKÖY,TAYAKADIN,191977,3,12,57,162,0,0,0,1,0,0,0,92,0.0,817.0,487.0,1301.0,3.0,0.0,5242,3
37,ARNAVUTKÖY,TERKOS,40914,1,4,19,58,0,0,0,0,0,0,0,22,0.0,428.0,132.0,560.0,0.0,0.0,935,3
38,ARNAVUTKÖY,YASSIÖREN,191989,0,1,12,41,0,0,0,0,0,0,0,11,0.0,0.0,342.0,316.0,24.0,2.0,561,3
39,ARNAVUTKÖY,YAVUZ SELÝM,40480,2,9,64,180,0,0,1,9,0,0,1,250,0.0,968.0,204.0,1113.0,58.0,1.0,11217,3
40,ARNAVUTKÖY,YENÝKÖY,191979,1,5,39,121,0,0,0,0,0,1,1,43,0.0,190.0,836.0,1026.0,0.0,0.0,1397,3
41,ARNAVUTKÖY,YEÞÝLBAYIR,40908,1,4,27,69,0,0,0,0,0,0,0,29,0.0,172.0,208.0,357.0,23.0,0.0,600,3
42,ARNAVUTKÖY,YUNUS EMRE,40484,1,10,88,244,0,0,5,16,0,0,1,403,5.0,1168.0,327.0,1421.0,78.0,1.0,16085,3
43,ATAÞEHÝR,AÞIKVEYSEL,98687,5,18,102,266,4,3,12,26,0,0,0,465,792.0,181.0,199.0,886.0,266.0,20.0,13225,3
44,ATAÞEHÝR,ATATÜRK,99749,2,12,76,209,2,0,11,30,0,1,1,706,49.0,386.0,416.0,455.0,234.0,162.0,30063,3
45,ATAÞEHÝR,BARBAROS,40527,14,50,248,498,11,9,42,88,1,1,2,1281,571.0,725.0,596.0,1585.0,205.0,102.0,32487,1
46,ATAÞEHÝR,ESATPAÞA,40793,5,20,140,422,3,1,14,33,0,0,1,598,997.0,396.0,733.0,1474.0,597.0,55.0,26866,1
47,ATAÞEHÝR,FERHATPAÞA,40577,4,26,191,493,0,0,5,26,1,1,2,784,4.0,845.0,1135.0,1370.0,599.0,15.0,22254,0
48,ATAÞEHÝR,FETIH,40795,1,3,26,102,1,0,3,7,0,0,0,203,55.0,339.0,160.0,265.0,262.0,27.0,12218,3
49,ATAÞEHÝR,ÝÇERENKÖY,40530,23,76,465,1180,19,8,61,133,1,1,3,2792,1610.0,1809.0,1203.0,2950.0,1302.0,370.0,76344,1
50,ATAÞEHÝR,ÝNÖNÜ,40534,4,17,115,392,2,0,14,36,0,0,1,775,89.0,445.0,887.0,504.0,898.0,19.0,28456,1
51,ATAÞEHÝR,KAYIÞDAÐI,40533,10,52,352,785,7,2,31,76,1,1,2,1930,311.0,1394.0,1273.0,2245.0,723.0,10.0,41757,0
52,ATAÞEHÝR,KÜÇÜKBAKKALKÖY,40531,13,41,200,501,11,6,35,71,1,1,2,1284,478.0,292.0,957.0,850.0,611.0,266.0,29032,1
53,ATAÞEHÝR,MEVLANA,99516,1,8,64,188,2,0,7,20,0,0,0,470,32.0,723.0,135.0,617.0,221.0,52.0,18832,3
54,ATAÞEHÝR,MÝMAR SÝNAN,99519,2,13,81,203,1,0,7,18,0,0,0,370,51.0,722.0,135.0,771.0,135.0,2.0,10637,3
55,ATAÞEHÝR,MUSTAFA KEMAL,40740,8,28,145,345,6,4,18,40,0,0,1,643,914.0,374.0,164.0,1170.0,282.0,0.0,15033,1
56,ATAÞEHÝR,ÖRNEK,40816,9,31,181,463,7,4,25,54,0,0,1,966,760.0,367.0,732.0,1166.0,667.0,26.0,27615,1
57,ATAÞEHÝR,YENÝ ÇAMLICA,40746,5,24,152,319,3,1,11,28,0,0,1,630,184.0,793.0,350.0,1192.0,109.0,26.0,14109,3
58,ATAÞEHÝR,YENÝSAHRA,40526,17,51,205,397,10,9,32,64,0,0,1,671,782.0,378.0,264.0,1216.0,207.0,1.0,11428,1
59,ATAÞEHÝR,YENÝÞEHÝR,99517,0,1,13,70,0,0,2,5,1,1,0,134,56.0,128.0,212.0,58.0,225.0,113.0,13016,3
60,AVCILAR,AMBARLI,40146,26,105,388,634,67,35,191,364,2,2,7,3699,354.0,941.0,323.0,561.0,1009.0,48.0,38318,2
61,AVCILAR,CÝHANGÝR,40148,37,169,688,1171,87,46,252,496,3,4,9,5464,282.0,1376.0,1391.0,1324.0,1694.0,31.0,62149,2
62,AVCILAR,DENÝZKÖÞKLER,40147,33,138,516,843,74,39,212,409,2,3,7,4086,379.0,1370.0,402.0,725.0,1387.0,39.0,45942,2
63,AVCILAR,FÝRUZKÖY,40152,19,150,676,1005,18,7,61,135,2,2,7,2073,586.0,1598.0,927.0,2703.0,397.0,11.0,22496,0
64,AVCILAR,GÜMÜÞPALA,40151,27,115,446,750,63,34,184,353,2,2,6,3833,303.0,1111.0,475.0,617.0,1253.0,19.0,41317,2
65,AVCILAR,MERKEZ,40145,17,64,253,471,44,23,124,241,1,1,4,2751,371.0,552.0,185.0,189.0,848.0,71.0,31820,1
66,AVCILAR,MUSTAFA KEMALPAÞA,40150,21,91,416,821,47,25,134,274,1,2,4,3863,258.0,973.0,717.0,498.0,1443.0,7.0,47027,2
67,AVCILAR,TAHTAKALE,40154,5,52,321,658,3,1,26,76,1,1,1,2247,4.0,1549.0,958.0,1956.0,339.0,216.0,53209,0
68,AVCILAR,ÜNÝVERSÝTE,40149,12,64,276,480,19,9,55,113,1,1,4,1617,59.0,574.0,626.0,578.0,655.0,26.0,21621,1
69,AVCILAR,YEÞÝLKENT,40153,36,313,1565,2452,43,20,146,338,4,4,5,5308,0.0,4243.0,3875.0,7362.0,735.0,21.0,71783,2
70,BAÐCILAR,100. YIL,40176,6,22,186,665,7,3,25,61,0,0,1,1233,195.0,2175.0,436.0,1233.0,1555.0,18.0,49136,1
71,BAÐCILAR,BAÐLAR,40155,36,86,315,455,33,19,90,165,1,1,3,3267,239.0,677.0,356.0,771.0,462.0,39.0,50755,1
72,BAÐCILAR,BARBAROS,40157,36,74,273,453,50,28,133,242,0,1,2,2646,298.0,487.0,359.0,364.0,776.0,4.0,15683,1
73,BAÐCILAR,ÇINAR,40163,45,86,360,720,82,45,215,390,1,1,2,2548,469.0,1045.0,228.0,424.0,1304.0,14.0,21929,2
74,BAÐCILAR,DEMÝRKAPI,40171,43,108,509,1013,71,39,192,368,1,1,3,3443,250.0,1835.0,504.0,987.0,1554.0,48.0,36588,2
75,BAÐCILAR,EVREN,40169,54,144,657,1233,70,38,190,367,1,2,4,3236,229.0,2099.0,832.0,1291.0,1840.0,29.0,55446,2
76,BAÐCILAR,FATÝH,40172,25,62,334,808,40,21,107,208,1,1,2,2332,214.0,1996.0,288.0,975.0,1520.0,3.0,45242,1
77,BAÐCILAR,FEVZÝ ÇAKMAK,40173,27,64,311,673,44,24,118,224,1,1,2,2593,333.0,1044.0,370.0,576.0,1142.0,29.0,35448,1
78,BAÐCILAR,GÖZTEPE,40175,19,53,287,683,25,15,71,144,1,1,2,1930,135.0,1714.0,257.0,1085.0,989.0,32.0,37553,1
79,BAÐCILAR,GÜNEÞLÝ,40168,47,114,507,961,71,39,190,358,1,1,3,4189,213.0,1642.0,555.0,852.0,1503.0,55.0,46831,2
80,BAÐCILAR,HÜRRÝYET,40156,49,99,367,570,65,35,171,307,1,1,2,2802,449.0,644.0,391.0,602.0,856.0,26.0,25196,2
81,BAÐCILAR,ÝNÖNÜ,40159,46,90,326,525,64,38,169,304,0,1,2,2718,320.0,825.0,217.0,564.0,793.0,5.0,24735,1
82,BAÐCILAR,KAZIM KARABEKÝR,40158,46,94,360,607,66,38,174,316,1,1,2,3061,352.0,749.0,432.0,539.0,992.0,2.0,28688,2
83,BAÐCILAR,KEMALPAÞA,40174,20,50,284,682,30,16,81,160,0,0,1,2045,259.0,1457.0,267.0,843.0,1138.0,2.0,34581,1
84,BAÐCILAR,KÝRAZLI,40166,51,119,501,902,76,42,203,380,1,1,3,4099,263.0,1572.0,457.0,925.0,1333.0,34.0,43390,2
85,BAÐCILAR,MAHMUTBEY,40170,47,144,694,1236,39,23,110,209,1,2,5,1740,266.0,3585.0,434.0,3428.0,802.0,55.0,24596,0
86,BAÐCILAR,MERKEZ,40162,26,52,221,434,52,28,137,251,1,0,2,2323,180.0,621.0,243.0,305.0,722.0,17.0,26146,1
87,BAÐCILAR,SANCAKTEPE,40164,23,49,215,419,35,19,92,171,0,1,2,1620,229.0,657.0,170.0,363.0,688.0,5.0,19528,1
88,BAÐCILAR,YAVUZ SELÝM,40165,30,69,298,568,47,26,125,234,1,1,2,2432,239.0,901.0,311.0,536.0,897.0,18.0,28833,1
89,BAÐCILAR,YENÝGÜN,40161,24,43,186,373,54,29,138,250,0,0,2,2068,246.0,519.0,112.0,169.0,707.0,1.0,23112,1
90,BAÐCILAR,YENÝMAHALLE,40167,29,73,332,634,48,26,128,242,1,1,2,2821,137.0,1236.0,247.0,619.0,953.0,48.0,34907,1
91,BAÐCILAR,YILDIZTEPE,40160,67,130,478,783,110,61,289,518,1,1,3,4367,557.0,1066.0,355.0,697.0,1260.0,21.0,40160,2
92,BAHÇELÝEVLER,BAHÇELÝEVLER,40177,81,147,488,752,185,99,480,838,2,3,6,6193,728.0,878.0,359.0,835.0,1014.0,116.0,61832,2
93,BAHÇELÝEVLER,CUMHURÝYET,40181,47,87,362,680,97,53,254,459,1,1,3,3989,196.0,1136.0,271.0,310.0,1285.0,8.0,33552,2
94,BAHÇELÝEVLER,ÇOBANÇEÞME,40184,62,125,469,751,83,44,217,393,2,2,4,3437,108.0,1539.0,230.0,649.0,1216.0,12.0,41720,2
95,BAHÇELÝEVLER,FEVZÝ ÇAKMAK,40185,37,71,276,470,70,36,180,326,1,1,2,2848,145.0,881.0,78.0,184.0,917.0,3.0,26191,1
96,BAHÇELÝEVLER,HÜRRÝYET,40187,56,105,432,757,128,69,335,601,1,1,4,4906,107.0,1491.0,129.0,185.0,1517.0,25.0,47377,2
97,BAHÇELÝEVLER,KOCASÝNAN MERKEZ,40182,71,151,611,1088,148,83,394,723,2,2,6,6969,152.0,1623.0,848.0,815.0,1785.0,23.0,72738,2
98,BAHÇELÝEVLER,SÝYAVUÞPAÞA,40179,88,143,521,922,220,117,567,989,1,2,4,6781,793.0,1308.0,58.0,111.0,2034.0,14.0,57641,2
99,BAHÇELÝEVLER,SOÐANLI,40180,74,126,537,1059,189,101,491,875,1,2,4,6850,476.0,1745.0,166.0,143.0,2234.0,10.0,65868,2
100,BAHÇELÝEVLER,ÞÝRÝNEVLER,40178,105,171,592,945,230,122,592,1028,2,2,6,6563,577.0,1434.0,230.0,299.0,1910.0,32.0,71388,2
101,BAHÇELÝEVLER,YENÝBOSNA MERKEZ,40183,74,162,553,796,71,41,193,352,2,3,7,3588,365.0,1263.0,567.0,1234.0,897.0,64.0,34683,2
102,BAHÇELÝEVLER,ZAFER,40186,101,202,827,1466,212,114,558,1015,2,2,6,9075,245.0,2185.0,965.0,599.0,2789.0,7.0,85464,2
103,BAKIRKÖY,ATAKÖY 1. KISIM,40202,6,10,24,32,12,6,31,52,1,0,1,204,61.0,7.0,27.0,39.0,42.0,14.0,1667,3
104,BAKIRKÖY,ATAKÖY 2-5-6. KISIM,40194,16,27,61,77,68,36,176,295,1,1,2,1760,123.0,8.0,93.0,108.0,74.0,42.0,13671,1
105,BAKIRKÖY,ATAKÖY 3-4-11. KISIM,40201,18,30,75,89,43,23,110,185,1,1,2,1131,156.0,93.0,11.0,82.0,170.0,8.0,8150,1
106,BAKIRKÖY,ATAKÖY 7-8-9-10. KISIM,40196,16,38,126,199,63,33,165,291,1,1,4,2371,3.0,426.0,107.0,239.0,226.0,71.0,24444,1
107,BAKIRKÖY,BASINKÖY,40200,62,93,200,167,47,35,123,208,1,1,4,1114,184.0,358.0,108.0,614.0,36.0,0.0,5932,1
108,BAKIRKÖY,CEVÝZLÝK,40192,39,63,188,271,29,16,74,127,0,1,1,663,332.0,259.0,110.0,198.0,501.0,2.0,5363,1
109,BAKIRKÖY,KARTALTEPE,40197,82,132,393,567,166,89,424,725,1,2,4,4460,775.0,641.0,57.0,414.0,1056.0,3.0,37778,2
110,BAKIRKÖY,OSMANÝYE,40188,44,83,259,349,87,47,225,391,1,1,3,2766,339.0,363.0,290.0,512.0,470.0,10.0,24126,2
111,BAKIRKÖY,SAKIZAÐACI,40191,34,50,131,176,41,23,104,176,0,0,1,1092,300.0,143.0,29.0,77.0,385.0,10.0,8137,1
112,BAKIRKÖY,ÞENLÝKKÖY,40199,110,234,593,488,122,68,324,561,3,3,8,4483,357.0,1134.0,320.0,1644.0,166.0,1.0,28206,2
113,BAKIRKÖY,YENÝMAHALLE,40190,34,50,132,186,42,23,108,182,0,0,1,894,319.0,126.0,48.0,134.0,359.0,0.0,6953,1
114,BAKIRKÖY,YEÞÝLKÖY,40189,201,310,696,621,161,92,413,695,3,4,11,3776,894.0,848.0,590.0,1755.0,554.0,23.0,23785,2
115,BAKIRKÖY,YEÞÝLYURT,40195,25,38,95,99,35,19,91,154,1,1,2,1025,179.0,97.0,32.0,134.0,173.0,1.0,7816,1
116,BAKIRKÖY,ZEYTÝNLÝK,40193,30,49,152,228,27,15,70,121,0,0,1,678,203.0,270.0,101.0,143.0,430.0,1.0,5376,3
117,BAKIRKÖY,ZUHURATBABA,40198,65,99,269,390,103,56,263,447,1,1,3,2493,644.0,319.0,66.0,279.0,746.0,4.0,20966,2
118,BAÞAKÞEHÝR,ALTINÞEHÝR,40598,10,42,199,374,8,6,28,61,0,0,1,945,96.0,968.0,332.0,1256.0,140.0,0.0,14859,3
119,BAÞAKÞEHÝR,BAHÇEÞEHÝR 1. KISIM,40871,5,44,278,549,1,0,11,33,0,1,2,1151,0.0,699.0,1478.0,1837.0,176.0,164.0,24548,0
120,BAÞAKÞEHÝR,BAHÇEÞEHÝR 2. KISIM,40872,11,57,311,738,16,7,53,115,1,2,2,1613,1.0,1130.0,1664.0,2101.0,141.0,553.0,41437,0
121,BAÞAKÞEHÝR,BAÞAK,40357,1,8,66,225,1,0,7,24,1,1,1,1000,1.0,644.0,793.0,792.0,208.0,438.0,70258,1
122,BAÞAKÞEHÝR,BAÞAKÞEHÝR,40581,1,3,21,115,1,0,6,18,0,0,1,522,0.0,136.0,658.0,187.0,208.0,399.0,58445,3
123,BAÞAKÞEHÝR,GÜVERCÝNTEPE,40597,26,115,573,1173,21,16,80,183,1,1,3,3188,110.0,3440.0,903.0,3784.0,640.0,29.0,55783,0
124,BAÞAKÞEHÝR,KAYABAÞI,40583,4,18,91,261,2,1,9,27,1,1,1,1580,206.0,425.0,969.0,872.0,121.0,607.0,64,3
125,BAÞAKÞEHÝR,ÞAHÝNTEPE,40584,29,128,615,1197,11,8,54,125,1,1,2,2380,95.0,3785.0,959.0,4624.0,202.0,13.0,74815,0
126,BAÞAKÞEHÝR,ÞAMLAR,191991,1,7,36,88,0,0,0,0,0,0,1,53,9.0,347.0,103.0,440.0,19.0,0.0,34138,3
127,BAÞAKÞEHÝR,ZÝYA GÖKALP,40585,27,153,787,1523,10,7,39,84,1,2,6,965,296.0,2046.0,3498.0,5283.0,474.0,83.0,1269,0
128,BAYRAMPAÞA,ALTINTEPSÝ,40207,68,135,483,826,60,37,161,291,1,1,2,2839,679.0,1206.0,353.0,1073.0,1161.0,4.0,21113,2
129,BAYRAMPAÞA,CEVATPAÞA,40203,18,43,175,384,18,12,51,98,0,0,1,1214,351.0,733.0,116.0,648.0,552.0,0.0,28293,1
130,BAYRAMPAÞA,ÝSMET PAÞA,40209,50,86,260,442,41,28,108,191,0,0,1,1510,555.0,489.0,166.0,568.0,611.0,31.0,19093,1
131,BAYRAMPAÞA,KARTALTEPE,40211,68,137,483,1025,67,45,180,331,1,1,2,3056,1256.0,1408.0,257.0,1286.0,1631.0,4.0,14605,2
132,BAYRAMPAÞA,KOCATEPE,40212,26,55,233,468,30,17,82,154,1,1,2,1653,235.0,784.0,218.0,509.0,702.0,26.0,44460,1
133,BAYRAMPAÞA,MURATPAÞA,40213,116,202,589,1008,93,63,245,435,1,1,2,3394,1285.0,1342.0,212.0,1551.0,1287.0,1.0,21448,2
134,BAYRAMPAÞA,ORTAMAHALLE,40204,57,107,334,533,40,27,106,189,0,1,1,1588,635.0,763.0,132.0,870.0,659.0,1.0,33908,1
135,BAYRAMPAÞA,TERAZÝDERE,40206,52,98,309,530,34,24,93,167,0,1,2,1509,532.0,834.0,114.0,771.0,709.0,0.0,14929,1
136,BAYRAMPAÞA,VATAN,40205,36,72,229,366,22,16,60,108,0,0,1,1053,541.0,398.0,142.0,712.0,368.0,1.0,15723,1
137,BAYRAMPAÞA,YENÝDOÐAN,40208,57,104,345,582,46,29,122,217,0,1,2,1765,687.0,762.0,154.0,804.0,793.0,6.0,10015,1
138,BAYRAMPAÞA,YILDIRIM,40210,66,143,619,1251,69,42,186,348,1,1,3,3483,1539.0,1521.0,553.0,1865.0,1745.0,3.0,18696,2
139,BEÞÝKTAÞ,ABBASAÐA,40219,2,6,31,111,1,1,4,9,0,0,0,136,217.0,169.0,101.0,166.0,319.0,2.0,53027,3
140,BEÞÝKTAÞ,AKAT,40234,3,11,73,220,1,1,5,14,0,0,1,329,398.0,597.0,291.0,954.0,294.0,38.0,5288,3
141,BEÞÝKTAÞ,ARNAVUTKÖY,40231,1,7,52,164,0,0,0,4,0,0,0,90,611.0,295.0,196.0,997.0,105.0,0.0,15624,3
142,BEÞÝKTAÞ,BALMUMCU,40223,1,3,24,67,0,0,1,3,0,0,0,84,145.0,144.0,61.0,289.0,48.0,13.0,3933,3
143,BEÞÝKTAÞ,BEBEK,40232,2,6,46,143,0,0,2,5,0,0,0,114,477.0,266.0,170.0,743.0,169.0,1.0,3889,3
144,BEÞÝKTAÞ,CÝHANNÜMA,40217,3,7,35,110,2,1,5,10,0,0,0,119,209.0,141.0,88.0,173.0,260.0,5.0,5891,3
145,BEÞÝKTAÞ,DÝKÝLÝTAÞ,40221,2,4,25,135,2,1,7,16,0,0,0,207,288.0,243.0,170.0,113.0,529.0,59.0,3898,3
146,BEÞÝKTAÞ,ETÝLER,40233,1,4,44,137,0,0,2,8,0,0,0,201,438.0,189.0,173.0,524.0,261.0,15.0,16893,3
147,BEÞÝKTAÞ,GAYRETTEPE,40222,1,3,17,93,1,0,6,13,0,0,0,178,227.0,169.0,111.0,137.0,239.0,131.0,12023,3
148,BEÞÝKTAÞ,KONAKLAR,40236,1,4,28,106,0,0,4,10,0,0,1,230,217.0,231.0,181.0,278.0,319.0,32.0,14530,3
149,BEÞÝKTAÞ,KURUÇEÞME,40228,1,6,38,116,0,0,0,3,0,0,0,74,437.0,147.0,132.0,667.0,49.0,0.0,15350,3
150,BEÞÝKTAÞ,KÜLTÜR,40229,0,2,17,65,0,0,1,2,0,0,0,64,172.0,141.0,117.0,286.0,138.0,6.0,4925,3
151,BEÞÝKTAÞ,LEVAZIM,40226,0,1,7,40,0,0,1,4,0,0,0,74,38.0,118.0,64.0,59.0,148.0,13.0,3082,3
152,BEÞÝKTAÞ,LEVENT,40235,2,8,95,248,0,0,1,4,1,1,1,105,798.0,158.0,416.0,1337.0,24.0,11.0,6142,3
153,BEÞÝKTAÞ,MECÝDÝYE,40224,11,32,127,293,6,4,17,38,0,0,0,525,546.0,320.0,216.0,673.0,409.0,0.0,3145,3
154,BEÞÝKTAÞ,MURADÝYE,40216,1,2,12,66,1,0,3,6,0,0,0,69,141.0,139.0,34.0,15.0,293.0,6.0,10766,3
155,BEÞÝKTAÞ,NÝSBETÝYE,40230,1,2,21,103,0,0,2,7,0,0,0,143,201.0,271.0,114.0,123.0,426.0,37.0,5048,3
156,BEÞÝKTAÞ,ORTAKÖY,40225,7,20,96,239,2,2,9,20,0,0,1,366,474.0,273.0,284.0,727.0,303.0,1.0,12435,3
157,BEÞÝKTAÞ,SÝNANPAÞA,40215,8,18,71,169,4,2,10,18,0,0,0,147,189.0,187.0,147.0,289.0,233.0,1.0,9556,3
158,BEÞÝKTAÞ,TÜRKALÝ,40218,6,14,62,190,4,2,10,21,0,0,0,333,395.0,212.0,102.0,190.0,512.0,7.0,2534,3
159,BEÞÝKTAÞ,ULUS,40227,1,3,23,88,0,0,1,5,0,0,0,125,130.0,288.0,72.0,256.0,234.0,0.0,10346,3
160,BEÞÝKTAÞ,VÝÞNEZADE,40214,5,13,54,170,1,0,4,11,0,1,1,214,254.0,273.0,146.0,338.0,317.0,18.0,7159,3
161,BEÞÝKTAÞ,YILDIZ,40220,4,11,55,168,1,0,4,9,1,0,1,169,270.0,224.0,184.0,375.0,295.0,8.0,6758,3
162,BEYKOZ,ACARLAR,40250,1,8,89,295,0,0,0,0,1,0,0,109,3.0,1846.0,391.0,1977.0,262.0,1.0,6232,3
163,BEYKOZ,AKBABA,191701,0,2,18,66,0,0,0,0,0,0,0,33,298.0,210.0,188.0,682.0,14.0,0.0,7319,3
164,BEYKOZ,ALÝBAHADIR,191703,1,2,14,40,0,0,0,0,0,0,0,19,22.0,151.0,130.0,302.0,1.0,0.0,2726,3
165,BEYKOZ,ANADOLU FENERÝ,191705,0,2,15,48,0,0,0,0,0,0,0,18,42.0,73.0,301.0,414.0,2.0,0.0,764,3
166,BEYKOZ,ANADOLU HÝSARI,40243,3,10,67,145,0,0,2,5,0,0,0,27,362.0,163.0,138.0,619.0,44.0,0.0,750,3
167,BEYKOZ,ANADOLU KAVAÐI,40256,1,3,16,49,0,0,0,1,0,0,0,102,93.0,163.0,153.0,402.0,7.0,0.0,2644,3
168,BEYKOZ,BAKLACI,40257,1,8,64,171,0,0,0,0,1,1,1,95,21.0,0.0,1024.0,1034.0,11.0,0.0,2104,3
169,BEYKOZ,BOZHANE,191725,1,3,13,36,0,0,0,0,0,0,0,15,47.0,82.0,149.0,278.0,0.0,0.0,3062,3
170,BEYKOZ,CUMHURÝYET,191727,1,5,28,84,0,0,0,1,0,0,0,41,205.0,194.0,283.0,679.0,3.0,0.0,475,3
171,BEYKOZ,ÇAMLIBAHÇE,40253,10,26,122,224,4,3,14,27,0,0,1,356,699.0,255.0,115.0,1042.0,27.0,0.0,6405,3
172,BEYKOZ,ÇENGELDERE,40258,1,7,58,172,0,0,0,0,0,1,1,108,26.0,3.0,1161.0,1159.0,31.0,0.0,5005,3
173,BEYKOZ,ÇÝFTLÝK,40259,1,7,61,172,0,0,0,0,0,0,1,120,31.0,0.0,1074.0,1079.0,26.0,0.0,5358,3
174,BEYKOZ,ÇÝÐDEM,40240,1,6,59,199,0,0,0,5,0,0,0,152,962.0,752.0,177.0,1793.0,98.0,0.0,11619,3
175,BEYKOZ,ÇUBUKLU,40241,9,34,185,495,3,3,13,33,1,1,1,483,1414.0,1493.0,428.0,3110.0,224.0,1.0,21051,1
176,BEYKOZ,DERESEKÝ,191709,0,2,19,66,0,0,0,0,0,0,0,23,130.0,222.0,370.0,718.0,4.0,0.0,1966,3
177,BEYKOZ,ELMALI,191711,1,4,34,106,0,0,0,0,0,0,0,48,92.0,501.0,310.0,880.0,23.0,0.0,1513,3
178,BEYKOZ,FATÝH,40260,0,4,31,91,0,0,0,1,0,0,0,83,17.0,0.0,602.0,583.0,36.0,0.0,2989,3
179,BEYKOZ,GÖKSU,40244,5,15,80,149,1,0,6,13,0,0,1,140,354.0,126.0,125.0,580.0,25.0,0.0,4342,3
180,BEYKOZ,GÖLLÜ,191729,0,1,7,19,0,0,0,0,0,0,0,8,20.0,36.0,91.0,147.0,0.0,0.0,2830,3
181,BEYKOZ,GÖRELE,191713,1,4,32,91,0,0,0,0,0,0,0,50,30.0,412.0,213.0,650.0,5.0,0.0,243,3
182,BEYKOZ,GÖZTEPE,40246,4,15,90,209,1,0,5,12,0,0,1,295,189.0,294.0,557.0,904.0,135.0,1.0,2020,3
183,BEYKOZ,GÜMÜÞSUYU,40237,9,34,176,469,1,1,8,21,0,1,1,357,1354.0,1211.0,586.0,3087.0,64.0,0.0,10016,1
184,BEYKOZ,ÝNCÝRKÖY,40238,5,20,149,416,1,1,5,15,0,0,1,368,2043.0,775.0,419.0,3124.0,113.0,0.0,14232,1
185,BEYKOZ,ÝSHAKLI,191731,1,4,26,78,0,0,0,0,0,0,0,29,64.0,213.0,379.0,655.0,1.0,0.0,18130,3
186,BEYKOZ,KANLICA,40242,1,5,42,119,0,0,0,3,0,0,0,97,387.0,206.0,150.0,658.0,84.0,1.0,1283,3
187,BEYKOZ,KAVACIK,40247,7,23,134,381,2,1,13,31,0,1,1,545,959.0,667.0,363.0,1296.0,606.0,87.0,4242,1
188,BEYKOZ,KAYNARCA,191715,0,1,8,25,0,0,0,0,0,0,0,12,3.0,124.0,91.0,218.0,0.0,0.0,22371,3
189,BEYKOZ,KILIÇLI,191733,0,1,11,36,0,0,0,0,0,0,0,11,0.0,39.0,293.0,331.0,1.0,0.0,627,3
190,BEYKOZ,MAHMUTÞEVKETPAÞA,191723,1,5,31,93,0,0,0,0,0,0,0,40,213.0,254.0,267.0,727.0,7.0,0.0,545,3
191,BEYKOZ,MERKEZ,40251,0,2,33,122,0,0,0,1,0,0,0,63,712.0,291.0,209.0,1147.0,64.0,1.0,1808,3
192,BEYKOZ,ORTAÇEÞME,40254,4,13,83,202,2,1,5,11,0,0,0,196,594.0,705.0,249.0,1517.0,31.0,0.0,6064,3
193,BEYKOZ,ÖÐÜMCE,191735,1,3,18,49,0,0,0,0,0,0,0,20,81.0,161.0,110.0,352.0,0.0,0.0,477,3
194,BEYKOZ,ÖRNEKKÖY,191721,1,5,38,120,0,0,0,0,0,0,1,69,20.0,676.0,358.0,1044.0,10.0,0.0,3982,3
195,BEYKOZ,PAÞABAHÇE,40239,4,11,72,143,1,0,4,9,0,0,0,161,474.0,166.0,101.0,694.0,47.0,0.0,8065,3
196,BEYKOZ,PAÞAMANDIRA,191737,2,6,26,71,0,0,0,1,0,0,0,39,50.0,269.0,240.0,559.0,0.0,0.0,3894,3
197,BEYKOZ,POLONEZKÖY,191717,2,6,32,77,0,0,0,0,0,0,0,27,105.0,155.0,212.0,469.0,3.0,0.0,1055,3
198,BEYKOZ,POYRAZKÖY,16634,1,4,16,43,0,0,0,0,0,0,0,0,89.0,12.0,205.0,300.0,6.0,0.0,377,3
199,BEYKOZ,RÝVA,191707,0,3,37,134,0,0,0,0,1,0,0,37,8.0,64.0,1305.0,1367.0,9.0,1.0,923,3
200,BEYKOZ,RÜZGARLIBAHÇE,40248,4,20,86,248,1,1,6,15,0,0,0,166,536.0,826.0,342.0,1618.0,58.0,28.0,2237,3
201,BEYKOZ,SOÐUKSU,40249,0,3,41,150,0,0,0,2,0,0,0,94,378.0,925.0,259.0,1470.0,92.0,0.0,8011,3
202,BEYKOZ,TOKATKÖY,40255,7,23,137,339,3,2,9,19,0,0,0,324,995.0,1366.0,411.0,2688.0,84.0,0.0,11133,1
203,BEYKOZ,YALIKÖY,40252,7,18,83,190,2,2,7,15,0,0,0,165,740.0,346.0,242.0,1295.0,33.0,0.0,15449,3
204,BEYKOZ,YAVUZ SELÝM,40261,1,8,73,209,0,0,0,0,1,1,1,114,30.0,18.0,1363.0,1392.0,19.0,0.0,5471,3
205,BEYKOZ,YENÝ MAHALLE,40245,13,55,290,679,3,1,15,43,1,0,1,656,1046.0,1750.0,648.0,3366.0,78.0,0.0,5072,0
206,BEYKOZ,ZERZAVATÇI,191739,0,2,12,36,0,0,0,0,0,0,0,22,43.0,157.0,86.0,284.0,2.0,0.0,19458,3
207,BEYLÝKDÜZÜ,ADNAN KAHVECÝ,40869,27,83,292,624,106,56,285,523,2,5,8,6195,0.0,505.0,1113.0,583.0,490.0,545.0,980,2
208,BEYLÝKDÜZÜ,BARIÞ,40875,12,39,126,306,84,44,222,394,1,2,5,3284,0.0,303.0,499.0,368.0,56.0,378.0,86584,2
209,BEYLÝKDÜZÜ,BÜYÜKÞEHÝR,40877,3,10,30,89,25,13,65,115,0,0,1,1076,0.0,107.0,132.0,51.0,15.0,173.0,51900,3
210,BEYLÝKDÜZÜ,CUMHURÝYET,40874,6,14,40,140,36,19,95,168,1,1,2,1051,0.0,224.0,126.0,91.0,14.0,245.0,20795,3
211,BEYLÝKDÜZÜ,DEREAÐZI,40870,66,203,594,619,24,10,80,159,4,7,14,1785,0.0,1134.0,1027.0,1960.0,192.0,9.0,21674,0
212,BEYLÝKDÜZÜ,GÜRPINAR,40867,39,126,397,450,37,20,104,191,2,2,5,2400,0.0,953.0,510.0,1220.0,191.0,52.0,11644,0
213,BEYLÝKDÜZÜ,KAVAKLI,40873,40,117,369,524,50,27,147,271,3,5,13,2914,0.0,624.0,920.0,997.0,421.0,126.0,19557,2
214,BEYLÝKDÜZÜ,MARMARA,40893,25,80,241,343,56,28,152,271,3,3,7,2506,4.0,336.0,657.0,722.0,89.0,186.0,27566,0
215,BEYLÝKDÜZÜ,SAHÝL,40876,25,65,171,161,12,6,37,67,1,2,4,684,0.0,369.0,277.0,540.0,84.0,22.0,26537,1
216,BEYLÝKDÜZÜ,YAKUPLU,40894,78,213,744,1075,97,53,269,496,4,5,13,4775,37.0,1666.0,1230.0,1522.0,1369.0,42.0,4443,2
217,BEYOÐLU,ARAP CAMÝ,40299,17,29,86,157,0,0,1,2,0,0,1,12,347.0,139.0,2.0,332.0,125.0,31.0,43962,3
218,BEYOÐLU,ASMALI MESCÝT,40281,2,4,21,82,0,0,1,3,0,0,0,112,156.0,107.0,77.0,47.0,276.0,17.0,91,3
219,BEYOÐLU,BEDRETTÝN,40300,3,7,26,63,1,0,2,5,0,0,0,225,199.0,46.0,6.0,231.0,20.0,0.0,463,3
220,BEYOÐLU,BEREKETZADE,40298,4,9,35,89,0,0,1,1,0,0,0,41,163.0,124.0,11.0,95.0,193.0,10.0,752,3
221,BEYOÐLU,BOSTAN,40291,11,23,76,142,7,6,20,37,0,0,0,198,317.0,112.0,8.0,324.0,112.0,1.0,405,3
222,BEYOÐLU,BÜLBÜL,40292,4,14,64,172,1,1,4,9,0,0,0,138,510.0,216.0,16.0,575.0,166.0,1.0,2468,3
223,BEYOÐLU,CAMÝÝKEBÝR,40301,28,46,126,195,14,9,34,62,0,1,1,182,458.0,204.0,8.0,489.0,179.0,2.0,3883,3
224,BEYOÐLU,CÝHANGÝR,40275,2,5,26,111,0,0,2,5,0,0,0,249,237.0,157.0,83.0,113.0,349.0,15.0,2854,3
225,BEYOÐLU,ÇATMA MESCÝT,40283,2,6,25,67,1,1,3,5,0,0,0,169,174.0,92.0,1.0,135.0,124.0,8.0,2504,3
226,BEYOÐLU,ÇUKUR,40293,3,8,32,97,1,1,3,7,0,0,0,59,331.0,56.0,7.0,243.0,144.0,7.0,3482,3
227,BEYOÐLU,EMEKYEMEZ,40269,11,21,68,123,0,0,1,1,0,0,0,3,169.0,156.0,14.0,144.0,181.0,14.0,2735,3
228,BEYOÐLU,EVLÝYA ÇELEBÝ,40282,1,2,8,27,0,0,1,1,0,0,0,46,80.0,23.0,6.0,24.0,72.0,13.0,121,3
229,BEYOÐLU,FETÝHTEPE,40262,8,26,148,387,6,5,19,41,0,0,0,75,1188.0,330.0,135.0,1164.0,487.0,2.0,283,1
230,BEYOÐLU,FÝRUZAÐA,40276,3,9,39,128,1,1,4,8,0,0,0,82,337.0,126.0,58.0,260.0,260.0,1.0,15490,3
231,BEYOÐLU,GÜMÜÞSUYU,40278,2,4,22,86,0,0,2,3,0,0,0,82,225.0,119.0,28.0,116.0,223.0,33.0,4046,3
232,BEYOÐLU,HACIAHMET,40280,16,38,133,292,10,8,28,54,0,0,0,239,522.0,502.0,60.0,629.0,446.0,9.0,2109,3
233,BEYOÐLU,HACIMÝMÝ,40285,17,22,57,102,2,1,5,8,0,0,0,32,215.0,116.0,22.0,188.0,159.0,6.0,15383,3
234,BEYOÐLU,HALICIOÐLU,40304,11,21,80,175,12,7,31,56,0,0,0,1821,336.0,214.0,91.0,229.0,407.0,5.0,1368,3
235,BEYOÐLU,HÜSEYÝNAÐA,40272,1,4,18,69,0,0,1,3,0,0,0,85,169.0,74.0,44.0,76.0,204.0,7.0,13274,3
236,BEYOÐLU,ÝSTÝKLAL,40279,29,66,200,315,10,9,27,50,0,0,1,45,826.0,242.0,83.0,1107.0,30.0,14.0,368,3
237,BEYOÐLU,KADI MEHMET EFENDÝ,40267,7,13,53,137,7,4,19,35,0,0,0,61,254.0,171.0,102.0,178.0,347.0,2.0,4481,3
238,BEYOÐLU,KALYONCU KULLUÐU,40270,4,10,40,107,2,2,6,12,0,0,0,78,331.0,79.0,8.0,217.0,200.0,1.0,10172,3
239,BEYOÐLU,KAMER HATUN,40271,1,5,19,60,1,1,2,4,0,0,0,39,202.0,37.0,9.0,132.0,113.0,3.0,3108,3
240,BEYOÐLU,KAPTANPAÞA,40264,10,28,146,352,12,7,32,64,0,0,1,477,578.0,520.0,202.0,764.0,535.0,1.0,886,3
241,BEYOÐLU,KATÝPMUSTAFA ÇELEBÝ,40274,1,4,20,85,0,0,1,3,0,0,0,24,177.0,95.0,93.0,93.0,265.0,7.0,19818,3
242,BEYOÐLU,KEÇECÝ PÝRÝ,40302,18,39,164,361,10,7,29,55,1,1,1,118,879.0,521.0,86.0,1071.0,415.0,0.0,834,1
243,BEYOÐLU,KEMANKEÞ KARAMUSTAFAPAÞA,40297,23,29,69,100,2,1,5,8,0,0,1,4,232.0,82.0,0.0,128.0,184.0,2.0,14386,3
244,BEYOÐLU,KILIÇALÝ PAÞA,40296,2,5,23,83,0,0,2,5,0,0,0,300,221.0,104.0,15.0,116.0,202.0,22.0,128,3
245,BEYOÐLU,KOCATEPE,40277,3,9,40,132,1,1,2,5,0,0,0,177,364.0,170.0,50.0,255.0,276.0,53.0,2476,3
246,BEYOÐLU,KULAKSIZ,40266,12,21,74,148,12,8,32,58,0,0,0,637,279.0,181.0,35.0,217.0,277.0,1.0,2136,3
247,BEYOÐLU,KULOÐLU,40288,2,5,24,94,0,0,2,4,0,0,0,102,243.0,106.0,49.0,117.0,279.0,2.0,9312,3
248,BEYOÐLU,KÜÇÜK PÝYALE,40268,16,29,97,179,11,8,29,53,0,0,1,199,325.0,240.0,48.0,343.0,266.0,4.0,9706,3
249,BEYOÐLU,MÜEYYETZADE,40286,2,5,22,73,0,0,1,1,0,0,0,25,150.0,120.0,19.0,138.0,144.0,7.0,1463,3
250,BEYOÐLU,ÖMER AVNÝ,40294,4,7,29,91,1,0,5,9,0,0,0,91,230.0,92.0,6.0,98.0,224.0,6.0,518,3
251,BEYOÐLU,ÖRNEKTEPE,40305,22,45,166,311,15,11,40,75,1,1,1,87,775.0,192.0,218.0,936.0,236.0,13.0,2092,1
252,BEYOÐLU,PÝRÝPAÞA,40303,26,55,208,406,21,14,57,106,0,1,1,455,882.0,417.0,136.0,1060.0,374.0,1.0,10556,1
253,BEYOÐLU,PÝYALEPAÞA,40263,9,26,168,490,9,6,26,54,1,0,1,185,1554.0,570.0,12.0,1381.0,755.0,0.0,15706,1
254,BEYOÐLU,PÜRTELAÞ HASAN EFENDÝ,40295,4,8,31,82,1,0,4,7,0,0,0,293,159.0,101.0,20.0,98.0,170.0,12.0,23469,3
255,BEYOÐLU,SURURÝ MEHMET EFENDÝ,40289,15,28,84,140,9,7,24,42,0,0,0,114,365.0,105.0,5.0,359.0,114.0,2.0,1872,3
256,BEYOÐLU,SÜTLÜCE,40306,22,39,123,226,21,13,55,98,0,1,1,992,417.0,160.0,213.0,433.0,348.0,9.0,840,3
257,BEYOÐLU,ÞAHKULU,40284,2,5,23,84,0,0,1,2,0,0,0,207,202.0,87.0,56.0,130.0,211.0,4.0,1493,3
258,BEYOÐLU,ÞEHÝT MUHTAR,40273,3,8,36,140,0,0,2,5,0,0,0,300,420.0,143.0,40.0,227.0,354.0,22.0,4388,3
259,BEYOÐLU,TOMTOM,40287,2,7,31,108,1,1,3,5,0,0,0,229,260.0,107.0,53.0,186.0,227.0,7.0,12474,3
260,BEYOÐLU,YAHYA KAHYA,40290,20,33,92,131,12,8,31,53,0,0,1,646,311.0,114.0,7.0,308.0,124.0,0.0,2657,3
261,BEYOÐLU,YENÝÞEHÝR,40265,5,14,60,159,3,2,9,17,0,0,0,560,283.0,271.0,101.0,458.0,195.0,2.0,3733,3
262,BÜYÜKÇEKMECE,AHMEDÝYE,40891,5,16,60,84,1,0,3,7,0,0,0,117,1.0,242.0,71.0,311.0,2.0,1.0,8337,3
263,BÜYÜKÇEKMECE,ALKENT 2000,40844,12,57,255,386,1,0,6,12,1,1,1,406,0.0,521.0,968.0,1456.0,13.0,20.0,1233,0
264,BÜYÜKÇEKMECE,ATATÜRK,40845,24,75,293,410,28,14,76,145,1,1,2,1933,63.0,738.0,395.0,787.0,409.0,0.0,4635,1
265,BÜYÜKÇEKMECE,BAHÇELÝEVLER,40882,24,111,449,550,0,0,7,23,1,2,1,579,0.0,1106.0,787.0,1881.0,12.0,0.0,18711,0
266,BÜYÜKÇEKMECE,CELALÝYE,40928,7,66,358,608,0,0,4,17,2,3,2,471,0.0,115.0,1886.0,1894.0,107.0,0.0,3428,0
267,BÜYÜKÇEKMECE,CUMHURÝYET,40846,11,48,189,261,9,4,31,62,1,1,2,631,3.0,388.0,444.0,719.0,95.0,21.0,5137,3
268,BÜYÜKÇEKMECE,ÇAKMAKLI,99334,9,27,96,139,7,5,22,41,0,0,0,430,0.0,279.0,215.0,469.0,12.0,13.0,5484,3
269,BÜYÜKÇEKMECE,DÝZDARÝYE,40847,22,43,137,185,20,12,53,95,0,0,1,818,152.0,167.0,229.0,344.0,204.0,0.0,7553,3
270,BÜYÜKÇEKMECE,EKÝNOBA,40886,8,29,115,183,14,7,40,77,1,1,2,1061,1.0,280.0,240.0,343.0,130.0,48.0,6987,3
271,BÜYÜKÇEKMECE,FATÝH,40848,29,80,306,422,31,16,88,166,1,1,3,1920,145.0,637.0,475.0,862.0,392.0,3.0,12040,1
272,BÜYÜKÇEKMECE,GÜZELCE,40883,41,174,635,734,6,2,30,65,2,3,3,1076,0.0,1283.0,1236.0,2499.0,14.0,6.0,19379,0
273,BÜYÜKÇEKMECE,HÜRRÝYET,40889,28,92,375,535,22,14,68,139,1,2,4,1902,176.0,910.0,650.0,1463.0,273.0,0.0,6836,0
274,BÜYÜKÇEKMECE,KAMÝLOBA,40929,6,56,313,541,0,0,1,7,2,3,3,549,0.0,52.0,2090.0,1943.0,196.0,3.0,20603,0
275,BÜYÜKÇEKMECE,KARAAÐAÇ,40849,5,39,219,416,0,0,0,0,1,1,1,227,0.0,273.0,1511.0,1780.0,4.0,0.0,6800,0
276,BÜYÜKÇEKMECE,KUMBURGAZ,40884,20,81,328,444,3,1,17,39,1,2,2,801,0.0,954.0,556.0,1406.0,104.0,0.0,2529,0
277,BÜYÜKÇEKMECE,MÝMAR SÝNAN MERKEZ,40887,42,98,324,412,21,13,61,109,1,1,3,967,298.0,539.0,493.0,1106.0,204.0,20.0,6850,0
278,BÜYÜKÇEKMECE,MÝMAROBA,140376,10,35,143,265,22,12,63,117,1,1,2,1453,0.0,402.0,316.0,340.0,271.0,107.0,18376,1
279,BÜYÜKÇEKMECE,MURAT ÇEÞME,40888,15,61,246,351,15,7,49,98,1,2,4,1423,9.0,593.0,483.0,878.0,188.0,19.0,8814,0
280,BÜYÜKÇEKMECE,PINARTEPE,40868,22,85,326,465,25,11,75,148,2,3,4,1849,1.0,611.0,768.0,1031.0,343.0,6.0,15632,0
281,BÜYÜKÇEKMECE,SÝNANOBA,140374,20,78,273,349,22,11,62,116,1,1,2,1681,0.0,639.0,452.0,857.0,130.0,104.0,18425,0
282,BÜYÜKÇEKMECE,TÜRKOBA,40892,23,115,521,740,3,2,17,55,2,1,6,1216,45.0,1404.0,1197.0,2576.0,39.0,31.0,14778,0
283,BÜYÜKÇEKMECE,ULUS,40890,33,93,361,472,25,16,71,135,1,1,3,1732,326.0,738.0,470.0,1325.0,209.0,0.0,13189,0
284,BÜYÜKÇEKMECE,YENÝMAHALLE,40885,10,40,161,207,0,0,6,14,1,1,1,238,0.0,491.0,207.0,667.0,31.0,0.0,15732,3
285,ÇATALCA,AKALAN,191781,1,4,18,52,0,0,0,1,0,0,0,11,0.0,337.0,72.0,409.0,0.0,0.0,1986,3
286,ÇATALCA,ATATÜRK,40903,0,1,10,48,0,0,0,0,0,0,0,234,90.0,245.0,310.0,642.0,3.0,0.0,1085,3
287,ÇATALCA,AYDINLAR,191783,0,1,9,39,0,0,0,0,0,0,0,249,254.0,169.0,199.0,620.0,2.0,0.0,1127,3
288,ÇATALCA,BAHÞAYÝÞ,40902,0,3,15,37,0,0,0,0,0,0,0,5,0.0,6.0,198.0,204.0,0.0,0.0,829,3
289,ÇATALCA,BAÞAK,191821,0,0,5,19,0,0,0,0,0,0,0,186,68.0,56.0,86.0,210.0,0.0,0.0,367,3
290,ÇATALCA,BELGRAT,191823,0,0,5,20,0,0,0,0,0,0,0,19,0.0,16.0,215.0,231.0,0.0,0.0,386,3
291,ÇATALCA,CELEPKÖY,191825,0,0,3,12,0,0,0,0,0,0,0,12,0.0,2.0,156.0,158.0,0.0,0.0,358,3
292,ÇATALCA,ÇAKIL,40899,10,47,218,397,0,0,2,4,1,1,2,8,100.0,660.0,946.0,1706.0,0.0,0.0,2491,0
293,ÇATALCA,ÇANAKÇA,191785,1,7,46,142,0,0,0,1,0,0,0,47,81.0,365.0,726.0,1168.0,4.0,0.0,2598,3
294,ÇATALCA,ÇÝFTLÝKKÖY,40917,0,2,17,67,0,0,0,0,0,0,0,63,145.0,193.0,506.0,842.0,2.0,0.0,239,3
295,ÇATALCA,DAÐYENÝCE,191787,1,3,15,45,0,0,0,0,0,0,0,8,43.0,136.0,210.0,389.0,0.0,0.0,1872,3
296,ÇATALCA,ELBASAN,191789,2,9,48,100,0,0,0,0,0,0,1,0,0.0,190.0,291.0,481.0,0.0,0.0,713,3
297,ÇATALCA,FATÝH,40904,0,1,9,41,0,0,0,0,0,0,0,42,184.0,262.0,428.0,873.0,1.0,0.0,563,3
298,ÇATALCA,FERHATPAÞA,40897,8,40,225,550,3,1,15,38,1,1,2,3,45.0,813.0,1462.0,1788.0,532.0,0.0,1257,0
299,ÇATALCA,GÖKÇEALÝ,191791,1,6,40,109,0,0,0,1,0,0,0,74,0.0,409.0,312.0,720.0,0.0,1.0,21572,3
300,ÇATALCA,GÜMÜÞPINAR,191793,0,1,8,31,0,0,0,0,0,0,0,3,0.0,277.0,120.0,396.0,1.0,0.0,1812,3
301,ÇATALCA,HALLAÇLI,191795,3,8,37,98,0,0,0,1,0,0,1,48,0.0,434.0,392.0,826.0,0.0,0.0,851,3
302,ÇATALCA,HÝSARBEYLÝ,191827,0,0,3,13,0,0,0,0,0,0,0,50,0.0,6.0,169.0,175.0,0.0,0.0,1213,3
303,ÇATALCA,ÝHSANÝYE,191797,2,8,37,102,0,0,0,1,0,0,0,59,226.0,354.0,172.0,742.0,10.0,0.0,369,3
304,ÇATALCA,ÝNCEÐÝZ,191799,1,7,42,108,0,0,0,0,0,1,0,72,0.0,416.0,245.0,661.0,0.0,0.0,1641,3
305,ÇATALCA,ÝZZETTÝN,40900,1,7,56,150,0,0,0,0,0,1,1,88,0.0,243.0,703.0,944.0,2.0,0.0,772,3
306,ÇATALCA,KABAKÇA,191801,5,17,76,193,0,0,0,1,0,0,1,16,153.0,677.0,461.0,1291.0,0.0,0.0,1017,3
307,ÇATALCA,KALEÝÇÝ,40898,9,42,213,436,1,1,6,15,1,1,2,232,71.0,880.0,1051.0,1920.0,82.0,0.0,1624,0
308,ÇATALCA,KALFA,191803,0,1,11,39,0,0,0,0,0,0,0,16,87.0,142.0,173.0,402.0,0.0,0.0,7503,3
309,ÇATALCA,KARACAKÖY MERKEZ,40916,0,2,27,98,0,0,0,0,0,0,1,13,0.0,25.0,1009.0,1032.0,2.0,0.0,776,3
310,ÇATALCA,KARAMANDERE,191829,0,1,7,27,0,0,0,0,0,0,0,18,12.0,11.0,326.0,348.0,1.0,0.0,2490,3
311,ÇATALCA,KESTANELÝK,191805,1,6,41,118,0,0,1,1,0,0,0,12,57.0,412.0,402.0,861.0,10.0,0.0,553,3
312,ÇATALCA,KIZILCAALÝ,191807,0,1,8,26,0,0,0,0,0,0,0,33,0.0,0.0,204.0,198.0,6.0,0.0,2286,3
313,ÇATALCA,MURATBEY MERKEZ,40905,1,13,80,157,0,0,0,1,0,1,1,6,0.0,19.0,678.0,689.0,8.0,0.0,220,3
314,ÇATALCA,NAKKAÞ,40909,2,8,39,100,0,0,0,0,0,0,0,50,0.0,338.0,311.0,648.0,1.0,0.0,1409,3
315,ÇATALCA,OKLALI,191809,1,3,22,63,0,0,0,0,0,0,0,16,0.0,304.0,157.0,461.0,0.0,0.0,818,3
316,ÇATALCA,ORMANLI,191831,0,1,13,48,0,0,0,0,0,0,0,69,0.0,8.0,485.0,492.0,1.0,0.0,1345,3
317,ÇATALCA,OVAYENÝCE,40901,11,39,159,261,0,0,1,2,1,1,1,1,103.0,289.0,691.0,1083.0,0.0,0.0,561,3
318,ÇATALCA,ÖRCÜNLÜ,191811,0,2,18,56,0,0,0,0,0,0,0,4,0.0,0.0,421.0,421.0,0.0,0.0,790,3
319,ÇATALCA,ÖRENCÝK,191813,0,1,11,43,0,0,0,0,0,0,0,7,62.0,62.0,409.0,532.0,1.0,0.0,1051,3
320,ÇATALCA,SUBAÞI,191815,2,8,47,130,0,0,0,0,0,0,0,88,67.0,468.0,395.0,928.0,2.0,0.0,1172,3
321,ÇATALCA,YALIKÖY,191833,0,1,12,54,0,0,0,0,0,0,0,40,0.0,29.0,855.0,872.0,12.0,0.0,1444,3
322,ÇATALCA,YAYLACIK,191817,0,0,0,2,0,0,0,0,0,0,0,6,15.0,11.0,4.0,30.0,0.0,0.0,1469,3
323,ÇATALCA,YAZLIK,191819,0,0,6,22,0,0,0,0,0,0,0,25,0.0,0.0,216.0,216.0,0.0,0.0,58,3
324,ÇEKMEKÖY,ALEMDAÐ,40749,1,7,56,160,0,0,1,2,0,0,0,140,64.0,388.0,557.0,889.0,117.0,3.0,356,3
325,ÇEKMEKÖY,AYDINLAR,40766,1,5,53,191,0,0,1,10,0,0,1,296,9.0,527.0,545.0,650.0,403.0,28.0,6527,3
326,ÇEKMEKÖY,CUMHURÝYET,40769,1,4,39,139,0,0,2,7,0,0,0,296,6.0,400.0,354.0,456.0,242.0,62.0,16681,3
327,ÇEKMEKÖY,ÇAMLIK,40753,0,2,25,145,0,0,1,7,0,0,0,233,5.0,370.0,563.0,298.0,634.0,6.0,20672,3
328,ÇEKMEKÖY,ÇATALMEÞE,40750,1,8,63,193,0,0,1,4,0,0,0,184,39.0,470.0,682.0,1010.0,180.0,1.0,8360,3
329,ÇEKMEKÖY,EKÞÝOÐLU,40751,1,7,59,171,0,0,1,4,0,0,0,180,14.0,732.0,325.0,987.0,82.0,2.0,12709,3
330,ÇEKMEKÖY,GÜNGÖREN,40768,0,3,22,82,0,0,1,4,0,0,0,146,18.0,285.0,245.0,342.0,178.0,28.0,7110,3
331,ÇEKMEKÖY,HAMÝDÝYE,40754,1,4,46,224,0,0,2,12,1,2,2,118,0.0,361.0,927.0,506.0,763.0,19.0,8228,3
332,ÇEKMEKÖY,HÜSEYÝNLÝ,191993,1,3,22,67,0,0,0,0,0,0,0,355,38.0,3.0,482.0,517.0,3.0,3.0,29311,3
333,ÇEKMEKÖY,KÝRAZLIDERE,40770,0,2,21,87,0,0,1,4,0,0,0,22,5.0,252.0,241.0,266.0,212.0,20.0,771,3
334,ÇEKMEKÖY,KOÇULLU,191995,1,5,27,67,0,0,0,1,0,0,0,119,53.0,0.0,347.0,397.0,3.0,0.0,8925,3
335,ÇEKMEKÖY,MEHMET AKÝF,40755,1,7,66,310,0,0,3,19,0,0,1,42,9.0,623.0,967.0,630.0,949.0,20.0,1365,3
336,ÇEKMEKÖY,MERKEZ,40756,1,13,113,364,0,0,0,8,0,0,1,455,58.0,482.0,1683.0,1662.0,560.0,1.0,31401,3
337,ÇEKMEKÖY,MÝMAR SÝNAN,40757,1,7,70,251,0,0,2,12,0,0,0,459,4.0,720.0,742.0,930.0,485.0,51.0,24594,3
338,ÇEKMEKÖY,NÝÞANTEPE,40752,0,4,48,143,0,0,0,0,0,0,0,399,0.0,0.0,1023.0,962.0,38.0,23.0,24057,3
339,ÇEKMEKÖY,ÖMERLÝ,40758,3,14,107,281,1,0,0,2,2,2,2,142,108.0,0.0,1602.0,1693.0,17.0,0.0,10236,0
340,ÇEKMEKÖY,REÞADÝYE,191997,0,6,58,169,0,0,0,0,0,0,0,0,1.0,107.0,1105.0,1210.0,3.0,0.0,4073,3
341,ÇEKMEKÖY,SIRAPINAR,191999,1,3,25,70,0,0,0,0,0,0,0,121,23.0,0.0,454.0,475.0,2.0,0.0,2132,3
342,ÇEKMEKÖY,SOÐUKPINAR,40767,0,3,28,95,0,0,0,3,0,0,0,60,15.0,433.0,194.0,472.0,153.0,17.0,885,3
343,ÇEKMEKÖY,SULTANÇÝFTLÝÐÝ,40764,1,4,32,115,0,0,1,6,0,0,0,28,24.0,324.0,379.0,452.0,183.0,92.0,7939,3
344,ÇEKMEKÖY,TAÞDELEN,40765,0,2,18,68,0,0,1,4,0,0,0,127,17.0,126.0,257.0,202.0,143.0,55.0,15472,3
345,ESENLER,BÝRLÝK,40348,17,41,228,567,23,13,63,124,0,0,1,233,520.0,839.0,388.0,703.0,1039.0,5.0,7411,1
346,ESENLER,ÇÝFTE HAVUZLAR,40340,12,23,68,88,11,8,29,51,0,0,1,119,111.0,61.0,99.0,213.0,58.0,0.0,28455,3
347,ESENLER,DAVUTPAÞA,40342,28,57,226,387,37,20,96,174,1,1,2,1713,384.0,357.0,260.0,411.0,590.0,0.0,2567,1
348,ESENLER,FATÝH,40350,41,84,394,837,72,39,190,353,1,1,2,3725,525.0,1035.0,526.0,496.0,1588.0,2.0,16727,2
349,ESENLER,FEVZÝ ÇAKMAK,40345,32,62,263,544,62,34,162,295,0,1,1,2788,366.0,601.0,358.0,221.0,1100.0,4.0,45797,1
350,ESENLER,HAVAALANI,40354,15,40,224,588,20,11,55,111,0,0,1,1579,367.0,1128.0,372.0,751.0,1056.0,60.0,33610,1
351,ESENLER,KAZIM KARABEKÝR,40346,26,52,250,604,51,28,135,252,0,1,1,2463,405.0,652.0,442.0,277.0,1216.0,6.0,34313,1
352,ESENLER,KEMER,40352,31,64,270,519,42,23,111,205,1,1,2,1938,501.0,541.0,327.0,590.0,763.0,16.0,35790,1
353,ESENLER,MENDERES,40347,35,64,266,576,70,39,184,334,0,0,1,2828,497.0,516.0,349.0,260.0,1101.0,1.0,22007,1
354,ESENLER,MÝMAR SÝNAN,40341,23,43,162,293,36,20,94,168,0,0,1,1342,334.0,205.0,188.0,163.0,562.0,2.0,32987,1
355,ESENLER,NAMIK KEMAL,40344,27,54,199,328,33,19,87,157,1,1,2,1680,357.0,248.0,279.0,418.0,466.0,0.0,13092,1
356,ESENLER,NÝNE HATUN,40343,49,90,367,735,102,55,267,480,1,0,1,4062,596.0,752.0,413.0,284.0,1472.0,5.0,16334,2
357,ESENLER,ORUÇREÝS,40355,8,28,220,721,11,6,32,74,1,1,2,1249,369.0,2013.0,453.0,1313.0,1507.0,15.0,43328,1
358,ESENLER,TUNA,40351,32,74,365,775,47,26,125,238,0,0,1,2474,539.0,1122.0,453.0,924.0,1186.0,4.0,45372,1
359,ESENLER,TURGUT REÝS,40353,7,22,178,633,11,6,31,70,0,0,1,1206,591.0,1537.0,412.0,914.0,1617.0,9.0,33398,1
360,ESENLER,YAVUZ SELÝM,40349,8,15,59,107,10,5,26,47,0,0,0,348,92.0,87.0,94.0,103.0,170.0,0.0,46953,3
361,ESENYURT,AKÇABURGAZ,40880,9,44,232,457,8,4,27,62,1,2,4,1166,0.0,657.0,846.0,1083.0,409.0,11.0,3839,0
362,ESENYURT,AKEVLER,181498,2,6,27,62,6,3,16,33,0,0,1,383,0.0,30.0,92.0,31.0,72.0,19.0,19365,3
363,ESENYURT,AKÞEMSEDDÝN,181504,11,34,131,194,12,7,33,63,0,0,1,644,2.0,396.0,114.0,358.0,138.0,16.0,10294,3
364,ESENYURT,ARDIÇLI,40861,9,34,149,226,9,4,27,54,1,0,1,566,2.0,480.0,244.0,586.0,140.0,0.0,6519,3
365,ESENYURT,AÞIK VEYSEL,181518,5,10,47,174,13,7,36,67,0,0,1,629,1.0,353.0,70.0,36.0,199.0,189.0,6767,3
366,ESENYURT,ATATÜRK,40881,12,45,192,306,12,6,34,70,1,1,2,1078,0.0,559.0,387.0,637.0,303.0,6.0,15953,1
367,ESENYURT,BAÐLARÇEÞME,40855,20,62,291,550,38,21,103,201,1,1,2,2579,13.0,949.0,442.0,583.0,802.0,19.0,13077,1
368,ESENYURT,BALIKYOLU,181510,19,70,306,509,29,16,81,162,1,1,1,2456,4.0,736.0,636.0,754.0,620.0,2.0,28514,1
369,ESENYURT,BARBAROS HAYRETTÝN PAÞA,181488,5,14,47,141,26,13,69,126,1,1,1,1126,0.0,134.0,217.0,101.0,74.0,176.0,26828,3
370,ESENYURT,BATTALGAZÝ,181526,10,35,168,322,15,8,44,90,0,0,1,1295,0.0,477.0,347.0,406.0,418.0,0.0,21017,3
371,ESENYURT,CUMHURÝYET,40865,2,4,12,49,14,7,36,64,0,0,1,524,0.0,60.0,49.0,8.0,9.0,92.0,15621,3
372,ESENYURT,ÇINAR,181514,14,45,224,448,26,14,72,145,0,0,1,2209,0.0,751.0,393.0,476.0,649.0,19.0,28093,1
373,ESENYURT,ESENKENT,40862,5,18,96,197,8,3,21,42,0,0,1,637,0.0,551.0,41.0,329.0,221.0,42.0,14369,3
374,ESENYURT,FATÝH,40851,20,52,226,428,37,22,102,196,1,1,1,2269,25.0,664.0,400.0,403.0,666.0,20.0,10183,1
375,ESENYURT,GÖKEVLER,181490,2,6,22,55,12,5,33,60,0,0,1,325,0.0,60.0,59.0,55.0,10.0,54.0,25282,3
376,ESENYURT,GÜZELYURT,40895,9,24,114,241,19,9,53,102,1,1,2,1172,12.0,281.0,284.0,130.0,414.0,33.0,8524,3
377,ESENYURT,HÜRRÝYET,181482,17,59,248,424,28,16,82,163,1,1,2,2240,0.0,403.0,711.0,533.0,581.0,0.0,15146,1
378,ESENYURT,ÝNCÝRTEPE,40852,23,67,279,471,38,21,105,200,1,1,1,2478,11.0,841.0,384.0,521.0,704.0,11.0,24769,1
379,ESENYURT,ÝNÖNÜ,40853,16,50,227,404,31,16,84,162,1,1,1,2201,8.0,799.0,262.0,455.0,613.0,1.0,25506,1
380,ESENYURT,ÝSTÝKLAL,40879,12,44,207,403,17,10,49,101,0,1,1,1349,26.0,553.0,626.0,649.0,555.0,1.0,24472,1
381,ESENYURT,KOZA,181522,4,13,57,118,4,2,14,26,0,0,1,199,4.0,238.0,99.0,254.0,13.0,74.0,18108,3
382,ESENYURT,MEHMET AKÝF ERSOY,181494,7,23,114,251,23,12,65,129,0,1,1,1670,2.0,150.0,434.0,115.0,462.0,9.0,5159,3
383,ESENYURT,MEHTERÇEÞME,40854,16,49,237,491,42,23,120,240,1,1,2,2813,6.0,616.0,567.0,378.0,791.0,20.0,22844,1
384,ESENYURT,MEVLANA,181492,4,9,29,93,22,12,60,107,0,1,1,723,2.0,161.0,39.0,26.0,63.0,113.0,36090,3
385,ESENYURT,NAMIK KEMAL,40856,33,77,289,452,40,22,109,201,1,1,2,2307,112.0,811.0,272.0,460.0,725.0,10.0,13636,1
386,ESENYURT,NECÝP FAZIL KISAKÜREK,181484,14,49,208,344,22,12,62,123,0,1,1,1687,1.0,441.0,464.0,473.0,426.0,7.0,21366,1
387,ESENYURT,ORHAN GAZÝ,40863,6,22,103,193,6,3,18,36,1,1,1,698,0.0,416.0,187.0,394.0,177.0,32.0,17161,3
388,ESENYURT,OSMANGAZÝ,181480,29,117,542,926,25,14,73,153,2,2,4,2628,0.0,1604.0,950.0,1673.0,880.0,1.0,10461,0
389,ESENYURT,ÖRNEK,40857,16,53,246,429,22,12,61,122,0,0,1,1580,49.0,862.0,352.0,736.0,513.0,14.0,18499,1
390,ESENYURT,PINAR,40864,24,73,341,649,47,27,130,255,1,1,2,3114,5.0,1256.0,405.0,768.0,890.0,8.0,29605,1
391,ESENYURT,PÝRÝ REÝS,181486,2,6,24,78,13,7,35,65,0,0,1,542,0.0,42.0,144.0,18.0,63.0,105.0,36477,3
392,ESENYURT,SAADETDERE,40858,33,78,297,476,45,25,120,223,1,1,2,2280,135.0,641.0,500.0,471.0,795.0,10.0,11389,1
393,ESENYURT,SELAHADDÝN EYYUBÝ,181516,12,46,223,439,17,9,51,109,1,1,2,1765,2.0,536.0,616.0,610.0,543.0,1.0,21850,1
394,ESENYURT,SULTANÝYE,181508,11,31,145,285,22,12,61,118,0,0,1,1433,6.0,418.0,251.0,252.0,407.0,16.0,15915,3
395,ESENYURT,SÜLEYMANÝYE,181512,17,53,261,514,32,18,88,174,1,1,1,2401,3.0,868.0,414.0,492.0,791.0,2.0,22624,1
396,ESENYURT,ÞEHÝTLER,181524,11,42,196,350,17,9,48,97,0,0,1,1443,0.0,548.0,371.0,478.0,441.0,0.0,28839,1
397,ESENYURT,TALATPAÞA,40859,16,51,238,460,34,18,93,184,1,1,2,2156,1.0,711.0,467.0,493.0,675.0,11.0,17294,1
398,ESENYURT,TURGUT ÖZAL,181502,19,48,190,329,34,19,93,174,1,1,2,2275,28.0,462.0,266.0,228.0,474.0,54.0,26077,1
399,ESENYURT,ÜÇEVLER,181496,13,40,196,413,30,16,82,163,0,0,1,2031,7.0,512.0,448.0,294.0,662.0,11.0,24050,1
400,ESENYURT,YENÝKENT,40860,16,46,217,411,27,15,73,142,0,0,1,1788,27.0,881.0,210.0,480.0,616.0,22.0,25490,1
401,ESENYURT,YEÞÝLKENT,40866,13,41,185,354,36,20,101,199,1,1,3,1799,0.0,386.0,428.0,349.0,457.0,8.0,20962,1
402,ESENYURT,YUNUS EMRE,181506,18,58,243,384,28,15,78,149,0,0,1,1948,4.0,802.0,217.0,580.0,417.0,26.0,31751,1
403,ESENYURT,ZAFER,181500,7,20,85,172,17,9,47,89,1,1,2,804,1.0,206.0,179.0,149.0,185.0,52.0,18739,3
404,EYÜP,AÐAÇLI,191741,1,4,20,52,0,0,0,0,0,0,0,23,0.0,210.0,139.0,348.0,1.0,0.0,11807,3
405,EYÜP,AKPINAR,191743,4,10,30,65,0,0,2,3,0,0,0,48,1.0,269.0,156.0,425.0,1.0,0.0,671,3
406,EYÜP,AKÞEMSETTÝN,40358,4,18,107,402,3,2,14,38,0,1,1,768,64.0,1501.0,525.0,1131.0,944.0,15.0,2275,3
407,EYÜP,ALÝBEYKÖY,40359,19,49,203,397,9,6,26,52,0,1,1,620,874.0,287.0,384.0,1233.0,232.0,80.0,41073,1
408,EYÜP,ÇIRÇIR,40360,7,26,148,452,2,1,13,30,0,0,1,701,717.0,742.0,904.0,1436.0,733.0,194.0,9569,1
409,EYÜP,ÇÝFTALAN,191745,1,3,7,16,0,0,0,0,0,0,0,11,0.0,65.0,32.0,97.0,0.0,0.0,149,3
410,EYÜP,DEFTERDAR,40361,29,59,207,289,15,10,37,70,0,1,1,515,595.0,164.0,148.0,679.0,226.0,2.0,28537,1
411,EYÜP,DÜÐMECÝLER,40362,14,37,183,340,14,9,39,77,0,0,1,1229,540.0,322.0,248.0,767.0,341.0,2.0,4709,1
412,EYÜP,EMNÝYETTEPE,40363,10,25,108,240,5,3,15,30,0,0,1,436,441.0,104.0,427.0,614.0,349.0,9.0,18435,3
413,EYÜP,ESENTEPE,40364,10,30,137,341,5,4,17,37,0,0,1,822,668.0,81.0,674.0,758.0,633.0,32.0,9397,1
414,EYÜP,GÖKTÜRK MERKEZ,40379,15,64,321,745,6,1,31,76,1,1,2,1564,59.0,1441.0,1537.0,2343.0,692.0,2.0,19987,0
415,EYÜP,GÜZELTEPE,40366,16,43,211,532,9,6,29,62,1,1,1,1175,972.0,374.0,1047.0,1475.0,849.0,69.0,36843,1
416,EYÜP,IÞIKLAR,191747,1,5,22,57,0,0,0,0,0,0,0,24,2.0,188.0,123.0,295.0,18.0,0.0,34564,3
417,EYÜP,ÝHSANÝYE,191749,0,2,6,14,0,0,0,0,0,0,0,9,0.0,60.0,22.0,82.0,0.0,0.0,160,3
418,EYÜP,ÝSLAMBEY,40367,22,54,236,482,16,11,44,87,0,0,1,844,957.0,287.0,576.0,1475.0,345.0,0.0,569,1
419,EYÜP,KARADOLAP,40368,12,41,197,524,5,4,21,47,0,0,1,832,986.0,654.0,764.0,1676.0,573.0,155.0,15321,1
420,EYÜP,MERKEZ,40365,26,53,187,322,15,11,43,79,1,1,1,891,512.0,176.0,406.0,787.0,306.0,1.0,26979,1
421,EYÜP,MÝMAR SÝNAN,40369,5,21,101,197,1,1,5,10,0,0,1,209,138.0,345.0,410.0,830.0,48.0,15.0,10914,3
422,EYÜP,MÝTHATPAÞA,40370,11,40,180,338,2,2,8,18,1,1,1,324,206.0,473.0,847.0,1464.0,62.0,0.0,4882,3
423,EYÜP,NÝÞANCI,40371,24,66,297,492,18,13,50,98,1,1,1,1144,903.0,448.0,307.0,1436.0,222.0,0.0,5179,1
424,EYÜP,ODAYERÝ,191751,0,2,11,27,0,0,0,0,0,0,0,10,1.0,101.0,68.0,170.0,0.0,0.0,16191,3
425,EYÜP,PÝRÝNÇÇÝ,191753,3,13,65,165,0,0,1,6,0,0,0,112,195.0,477.0,248.0,911.0,9.0,0.0,195,3
426,EYÜP,RAMÝ CUMA,40372,10,26,119,244,11,7,32,61,0,0,0,911,345.0,158.0,260.0,347.0,416.0,0.0,3561,3
427,EYÜP,RAMÝ YENÝ,40373,15,36,157,288,11,7,31,60,0,0,1,972,438.0,217.0,324.0,682.0,294.0,3.0,14651,3
428,EYÜP,SAKARYA,40374,6,22,101,265,3,2,11,23,0,0,0,349,774.0,94.0,288.0,909.0,227.0,20.0,13904,3
429,EYÜP,SÝLAHTARAÐA,40375,5,17,90,240,3,2,9,20,0,0,0,342,652.0,53.0,336.0,767.0,267.0,7.0,9966,3
430,EYÜP,TOPÇULAR,40376,26,62,260,366,9,5,26,50,1,1,2,455,483.0,305.0,414.0,1016.0,176.0,10.0,9263,1
431,EYÜP,YEÞÝLPINAR,40378,4,13,83,345,6,3,21,46,0,0,1,727,443.0,575.0,612.0,549.0,1063.0,18.0,4673,1
432,FATÝH,AKSARAY,99127,81,130,350,510,40,27,103,178,1,1,2,1136,1095.0,259.0,121.0,850.0,586.0,39.0,38497,1
433,FATÝH,AKÞEMSETTÝN,99137,64,100,320,654,67,41,174,303,1,1,1,2010,1047.0,436.0,103.0,149.0,1435.0,2.0,11758,2
434,FATÝH,ALEMDAR,40307,10,21,78,161,0,0,2,3,0,1,0,33,294.0,114.0,17.0,203.0,221.0,1.0,24856,3
435,FATÝH,ALÝ KUÞÇU,99141,49,77,222,389,42,28,111,193,0,0,1,1255,721.0,186.0,74.0,376.0,604.0,1.0,488,1
436,FATÝH,ATÝKALÝ,99140,45,73,218,375,52,32,134,234,0,0,1,1747,679.0,167.0,123.0,371.0,598.0,0.0,11253,1
437,FATÝH,AYVANSARAY,99146,111,214,568,848,56,47,154,275,1,1,2,2164,2004.0,259.0,378.0,2231.0,410.0,0.0,15133,2
438,FATÝH,BALABANAÐA,40308,7,12,37,68,0,0,1,2,0,0,0,10,118.0,51.0,1.0,39.0,130.0,1.0,17777,3
439,FATÝH,BALAT,99145,78,144,392,645,51,41,137,246,0,0,1,1618,1352.0,231.0,229.0,1153.0,659.0,0.0,146,1
440,FATÝH,BEYAZIT,40309,19,32,94,135,0,0,1,2,1,0,1,8,297.0,17.0,64.0,357.0,21.0,0.0,13802,3
441,FATÝH,BÝNBÝRDÝREK,40310,12,22,69,100,3,2,7,13,0,0,1,110,173.0,72.0,40.0,129.0,154.0,2.0,114,3
442,FATÝH,CANKURTARAN,40311,25,53,157,211,4,4,11,20,0,0,1,174,485.0,83.0,26.0,542.0,52.0,0.0,1671,3
443,FATÝH,CERRAHPAÞA,99128,50,76,209,293,41,25,106,182,0,1,1,1086,606.0,125.0,75.0,412.0,385.0,9.0,1909,1
444,FATÝH,CÝBALÝ,99143,42,82,245,365,23,18,63,112,0,0,1,964,908.0,136.0,44.0,905.0,183.0,0.0,9147,1
445,FATÝH,DEMÝRTAÞ,40312,18,30,79,105,1,1,3,6,0,0,1,35,248.0,69.0,6.0,248.0,73.0,2.0,8057,3
446,FATÝH,DERVÝÞ ALÝ,40422,60,114,333,560,49,35,131,233,0,0,1,1856,1231.0,242.0,151.0,987.0,637.0,0.0,242,1
447,FATÝH,EMÝN SÝNAN,40313,13,25,77,115,3,3,9,16,0,0,0,142,179.0,132.0,22.0,120.0,212.0,1.0,18632,3
448,FATÝH,HACI KADIN,40314,9,19,57,74,2,2,7,12,0,0,0,58,159.0,50.0,17.0,202.0,24.0,0.0,1225,3
449,FATÝH,HASEKÝ SULTAN,99129,47,72,208,350,45,27,117,201,0,0,1,1150,741.0,128.0,15.0,285.0,595.0,4.0,414,1
450,FATÝH,HIRKA-Ý ÞERÝF,99138,78,125,362,596,83,52,217,376,1,1,2,2714,1224.0,309.0,52.0,624.0,960.0,1.0,11377,2
451,FATÝH,HOBYAR,40315,11,20,67,137,0,0,0,1,0,0,1,9,162.0,112.0,74.0,114.0,221.0,13.0,24649,3
452,FATÝH,HOCA GIYASETTÝN,40316,12,25,72,91,3,2,8,14,0,0,0,106,235.0,43.0,6.0,272.0,12.0,0.0,82,3
453,FATÝH,HOCAPAÞA,40317,13,24,75,146,0,0,0,1,0,0,1,18,246.0,93.0,48.0,169.0,212.0,6.0,697,3
454,FATÝH,ÝSKENDERPAÞA,40397,41,70,226,487,33,21,88,154,0,1,1,1152,840.0,236.0,128.0,243.0,959.0,2.0,360,1
455,FATÝH,KALENDERHANE,40319,4,9,28,43,1,1,4,7,0,0,0,50,84.0,22.0,4.0,102.0,8.0,0.0,16686,3
456,FATÝH,KARAGÜMRÜK,99139,42,70,204,310,41,27,108,187,0,1,1,1194,497.0,144.0,247.0,516.0,360.0,12.0,1673,1
457,FATÝH,KATÝP KASIM,40320,29,48,128,181,7,5,18,31,0,0,1,249,394.0,114.0,21.0,328.0,200.0,1.0,11640,3
458,FATÝH,KEMALPAÞA,40318,9,17,60,149,1,1,4,7,0,0,0,36,264.0,94.0,13.0,78.0,287.0,6.0,3069,3
459,FATÝH,KOCA MUSTAFAPAÞA,40390,128,185,456,621,120,78,309,527,1,1,2,2981,1491.0,214.0,42.0,854.0,892.0,1.0,618,2
460,FATÝH,KÜÇÜK AYASOFYA,40321,27,53,164,232,7,6,20,36,0,0,1,335,560.0,93.0,31.0,628.0,56.0,0.0,21851,3
461,FATÝH,MERCAN,40322,12,26,85,144,0,0,1,2,0,0,0,5,252.0,99.0,59.0,251.0,158.0,1.0,2594,3
462,FATÝH,MESÝHPAÞA,40323,7,13,43,103,1,0,3,4,0,0,0,12,135.0,94.0,39.0,30.0,216.0,22.0,48,3
463,FATÝH,MEVLANAKAPI,99134,80,124,330,457,84,54,218,375,1,1,1,2620,1002.0,222.0,79.0,757.0,546.0,0.0,206,2
464,FATÝH,MÝMAR HAYRETTÝN,40324,29,51,151,226,5,4,14,24,0,0,1,91,367.0,243.0,21.0,227.0,404.0,0.0,20470,3
465,FATÝH,MÝMAR KEMALETTÝN,40325,21,35,108,181,2,1,5,8,0,0,1,29,270.0,181.0,31.0,93.0,370.0,19.0,888,3
466,FATÝH,MOLLA FENARÝ,40326,20,36,112,176,0,0,2,3,0,0,0,13,317.0,118.0,56.0,278.0,213.0,0.0,411,3
467,FATÝH,MOLLA GÜRANÝ,99136,52,82,251,472,48,29,124,215,0,1,1,1405,863.0,221.0,76.0,168.0,978.0,14.0,135,1
468,FATÝH,MOLLA HÜSREV,40327,6,13,43,63,2,2,6,10,0,0,0,95,136.0,43.0,2.0,158.0,23.0,0.0,18296,3
469,FATÝH,MUHSÝNE HATUN,40328,19,33,99,153,6,4,16,28,0,0,0,276,317.0,91.0,14.0,299.0,123.0,0.0,1301,3
470,FATÝH,NÝÞANCA,40329,29,51,155,250,12,8,31,55,0,0,1,539,312.0,252.0,123.0,345.0,340.0,2.0,2576,3
471,FATÝH,RÜSTEMPAÞA,40330,6,12,38,63,0,0,0,0,0,0,0,2,81.0,51.0,40.0,94.0,78.0,0.0,6866,3
472,FATÝH,SARAÇ ÝSHAK,40331,13,23,70,107,3,2,9,15,0,0,0,126,185.0,103.0,11.0,159.0,135.0,5.0,25,3
473,FATÝH,SARIDEMÝR,40332,15,21,44,49,0,0,1,2,0,0,0,3,151.0,12.0,2.0,154.0,11.0,0.0,1700,3
474,FATÝH,SEYYÝD ÖMER,40387,77,119,341,572,91,54,236,407,1,1,2,2979,1093.0,264.0,116.0,385.0,1088.0,0.0,14,2
475,FATÝH,SÝLÝVRÝKAPI,99132,53,83,237,371,66,39,171,294,0,1,1,2012,752.0,192.0,43.0,332.0,649.0,6.0,22028,1
476,FATÝH,SULTAN AHMET,40333,17,34,98,124,4,3,10,18,0,0,0,128,284.0,28.0,53.0,349.0,16.0,0.0,2557,3
477,FATÝH,SURURÝ,40334,10,19,61,101,0,0,0,1,0,0,0,4,124.0,77.0,87.0,110.0,178.0,0.0,26773,3
478,FATÝH,SÜLEYMANÝYE,40335,9,20,68,112,1,1,3,6,0,0,0,76,196.0,74.0,26.0,217.0,79.0,0.0,16823,3
479,FATÝH,SÜMBÜL EFENDÝ,99131,56,87,229,310,63,40,164,281,0,1,1,2220,693.0,138.0,27.0,389.0,469.0,0.0,709,1
480,FATÝH,ÞEHREMÝNÝ,99133,68,109,327,571,76,44,195,338,1,1,2,2320,1074.0,261.0,122.0,411.0,1042.0,4.0,783,2
481,FATÝH,ÞEHSUVAR BEY,40336,23,41,124,187,6,5,16,28,0,0,1,234,366.0,130.0,25.0,373.0,148.0,0.0,17016,3
482,FATÝH,TAHTAKALE,40337,10,20,65,111,0,0,0,0,0,0,0,4,233.0,74.0,15.0,207.0,112.0,3.0,30,3
483,FATÝH,TAYA HATUN,40338,12,23,69,106,0,0,1,1,0,0,0,13,141.0,77.0,91.0,216.0,88.0,5.0,24,3
484,FATÝH,TOPKAPI,99135,61,94,242,338,46,31,120,206,1,1,1,1193,762.0,153.0,60.0,567.0,393.0,15.0,131,1
485,FATÝH,YAVUZ SÝNAN,40339,9,17,48,59,2,1,5,8,0,0,0,46,170.0,19.0,1.0,186.0,4.0,0.0,11429,3
486,FATÝH,YAVUZ SULTAN SELÝM,99144,54,104,308,531,39,30,107,191,0,0,1,1849,1069.0,216.0,227.0,828.0,684.0,0.0,252,1
487,FATÝH,YEDÝKULE,99130,137,185,410,448,118,83,301,514,1,1,2,2588,1379.0,26.0,33.0,914.0,524.0,0.0,18294,2
488,FATÝH,ZEYREK,99142,44,79,238,422,34,24,91,161,0,1,1,1502,841.0,197.0,123.0,504.0,657.0,0.0,17399,1
489,GAZÝOSMANPAÞA,BAÐLARBAÞI,40454,8,24,142,423,10,6,29,60,0,0,1,918,1048.0,231.0,448.0,924.0,799.0,4.0,14769,1
490,GAZÝOSMANPAÞA,BARBAROS HAYRETTÝN PAÞA,40459,9,25,185,655,12,6,35,76,1,1,1,1180,874.0,1343.0,630.0,1101.0,1744.0,2.0,28843,1
491,GAZÝOSMANPAÞA,FEVZÝ ÇAKMAK,40457,5,13,82,256,6,3,18,39,0,0,0,664,412.0,313.0,300.0,449.0,570.0,6.0,50748,1
492,GAZÝOSMANPAÞA,HÜRRÝYET,40458,10,24,147,435,13,7,36,72,0,0,1,1004,629.0,588.0,341.0,488.0,1070.0,0.0,22748,1
493,GAZÝOSMANPAÞA,KARADENÝZ,40464,9,25,192,759,15,7,44,99,1,1,1,1571,828.0,1434.0,1010.0,1083.0,2189.0,0.0,28739,1
494,GAZÝOSMANPAÞA,KARAYOLLARI,40463,5,21,144,492,5,3,19,48,0,0,1,939,443.0,1203.0,748.0,1439.0,918.0,37.0,73225,1
495,GAZÝOSMANPAÞA,KARLITEPE,40451,4,16,90,251,4,3,13,27,0,0,0,620,542.0,143.0,395.0,540.0,533.0,7.0,40628,1
496,GAZÝOSMANPAÞA,KAZIM KARABEKÝR,40461,4,13,95,438,7,3,21,49,0,0,1,791,520.0,940.0,661.0,677.0,1436.0,8.0,19517,1
497,GAZÝOSMANPAÞA,MERKEZ,40455,18,46,249,622,15,9,42,84,1,1,1,1234,1092.0,543.0,719.0,1276.0,1071.0,7.0,47072,1
498,GAZÝOSMANPAÞA,MEVLANA,40462,1,2,24,135,1,0,4,13,0,0,0,268,39.0,397.0,278.0,165.0,534.0,15.0,29266,3
499,GAZÝOSMANPAÞA,PAZARÝÇÝ,40450,8,26,136,333,6,4,17,36,0,0,0,466,976.0,141.0,297.0,1146.0,267.0,1.0,23816,1
500,GAZÝOSMANPAÞA,SARIGÖL,40453,15,51,219,561,12,9,38,78,0,0,1,1114,1531.0,139.0,524.0,1553.0,626.0,15.0,12622,1
501,GAZÝOSMANPAÞA,ÞEMSÝPAÞA,40456,4,11,87,307,6,4,18,38,0,0,0,580,546.0,338.0,422.0,451.0,855.0,0.0,25095,1
502,GAZÝOSMANPAÞA,YENÝ MAHALLE,40460,11,34,180,515,14,8,39,81,0,1,1,1304,794.0,506.0,684.0,990.0,984.0,10.0,24409,1
503,GAZÝOSMANPAÞA,YENÝDOÐAN,40452,7,29,127,308,5,4,16,35,0,0,0,348,1019.0,45.0,211.0,1157.0,117.0,1.0,8878,3
504,GAZÝOSMANPAÞA,YILDIZTABYA,40449,11,43,177,479,9,7,29,63,0,0,1,962,1493.0,71.0,454.0,1479.0,539.0,0.0,36751,1
505,GÜNGÖREN,ABDURRAHMAN NAFÝZ GÜRMAN,40504,22,40,122,207,67,37,174,299,0,1,2,2279,247.0,241.0,37.0,138.0,314.0,73.0,25602,1
506,GÜNGÖREN,AKINCILAR,40497,21,35,150,307,54,29,139,248,0,0,1,1911,121.0,522.0,46.0,56.0,632.0,1.0,22696,1
507,GÜNGÖREN,GENÇOSMAN,40498,27,57,260,521,66,35,175,323,1,1,3,3121,109.0,925.0,213.0,410.0,824.0,13.0,21045,1
508,GÜNGÖREN,GÜNEÞTEPE,40499,40,75,348,719,102,55,267,487,1,1,3,4645,265.0,1207.0,195.0,253.0,1409.0,5.0,40525,2
509,GÜNGÖREN,GÜVEN,40500,24,39,144,282,63,33,161,282,0,1,1,1754,259.0,360.0,24.0,34.0,606.0,3.0,51759,1
510,GÜNGÖREN,HAZNEDAR,40501,30,48,176,351,72,38,185,324,0,1,1,1997,442.0,343.0,27.0,37.0,773.0,2.0,18004,1
511,GÜNGÖREN,MAREÞAL ÇAKMAK,40502,32,54,234,487,81,43,210,376,1,1,2,2906,246.0,784.0,67.0,74.0,1022.0,1.0,21298,2
512,GÜNGÖREN,MEHMET NESÝH ÖZMEN,40506,34,64,214,341,41,26,109,190,1,1,3,1050,90.0,681.0,117.0,411.0,474.0,3.0,31630,1
513,GÜNGÖREN,MERKEZ,40496,44,75,325,661,112,61,292,521,1,1,3,4534,334.0,982.0,185.0,118.0,1372.0,11.0,10184,2
514,GÜNGÖREN,SANAYÝ,40503,38,75,300,509,44,24,117,209,1,1,3,1389,253.0,868.0,139.0,396.0,863.0,1.0,47371,1
515,GÜNGÖREN,TOZKOPARAN,40505,30,49,134,212,52,34,136,237,1,0,2,1892,147.0,374.0,64.0,275.0,288.0,22.0,13369,1
516,KADIKÖY,ACIBADEM,40509,9,20,113,367,12,6,38,73,1,0,1,953,554.0,413.0,353.0,368.0,895.0,57.0,30310,1
517,KADIKÖY,BOSTANCI,40523,8,20,96,345,11,4,35,67,1,1,1,814,619.0,264.0,482.0,397.0,522.0,446.0,30549,1
518,KADIKÖY,CADDEBOSTAN,40521,6,15,74,260,6,2,22,43,0,0,1,489,488.0,202.0,339.0,292.0,350.0,387.0,31450,3
519,KADIKÖY,CAFERAÐA,40512,17,38,196,648,13,6,39,74,1,0,1,787,1552.0,237.0,461.0,600.0,1636.0,14.0,18316,1
520,KADIKÖY,DUMLUPINAR,40518,12,33,152,248,11,6,31,58,0,1,1,713,418.0,250.0,123.0,568.0,176.0,47.0,23977,3
521,KADIKÖY,EÐÝTÝM,40516,18,49,221,396,15,9,40,75,0,0,1,832,747.0,234.0,348.0,949.0,293.0,87.0,10985,1
522,KADIKÖY,ERENKÖY,40524,5,12,53,232,8,3,26,49,0,0,1,581,490.0,219.0,354.0,234.0,328.0,501.0,13438,3
523,KADIKÖY,FENERBAHÇE,40514,5,15,81,256,4,1,15,30,0,0,1,446,504.0,168.0,443.0,406.0,357.0,352.0,31098,3
524,KADIKÖY,FENERYOLU,40515,4,10,49,198,6,2,21,40,0,0,0,517,518.0,130.0,227.0,200.0,337.0,338.0,17657,3
525,KADIKÖY,FÝKÝRTEPE,40517,17,43,207,316,10,6,29,55,0,1,1,714,628.0,204.0,203.0,818.0,198.0,19.0,24488,1
526,KADIKÖY,GÖZTEPE,40520,6,14,66,292,7,3,28,54,1,1,1,627,699.0,202.0,453.0,287.0,510.0,557.0,9025,1
527,KADIKÖY,HASANPAÞA,40510,18,40,182,405,16,10,46,87,0,0,1,800,704.0,280.0,298.0,580.0,697.0,5.0,35260,1
528,KADIKÖY,KOÞUYOLU,40508,6,23,116,280,2,2,12,26,0,0,0,312,610.0,162.0,372.0,941.0,197.0,6.0,15577,3
529,KADIKÖY,KOZYATAÐI,40529,3,8,39,208,5,2,20,40,0,0,1,483,301.0,394.0,314.0,163.0,357.0,489.0,7839,3
530,KADIKÖY,MERDÝVENKÖY,40519,17,42,191,434,17,9,49,96,1,1,1,1533,747.0,526.0,294.0,691.0,575.0,301.0,34164,1
531,KADIKÖY,OSMANAÐA,40511,16,33,167,481,10,5,25,46,0,0,1,349,794.0,354.0,373.0,422.0,1092.0,7.0,33166,1
532,KADIKÖY,RASÝMPAÞA,40507,18,41,189,518,12,6,31,58,0,0,1,617,979.0,358.0,272.0,520.0,1081.0,8.0,8466,1
533,KADIKÖY,SAHRAYICEDÝT,40525,4,9,46,204,6,3,24,46,0,0,1,597,269.0,405.0,179.0,163.0,371.0,319.0,14276,3
534,KADIKÖY,SUADÝYE,40522,5,12,68,265,5,2,19,37,1,0,1,454,628.0,165.0,425.0,324.0,467.0,427.0,30833,1
535,KADIKÖY,ZÜHTÜPAÞA,40513,11,20,78,160,9,4,24,43,0,1,1,485,343.0,43.0,141.0,260.0,200.0,67.0,22484,3
536,KAÐITHANE,ÇAÐLAYAN,40535,6,19,137,462,5,3,19,43,0,0,1,717,957.0,417.0,771.0,1052.0,1056.0,37.0,8095,1
537,KAÐITHANE,ÇELÝKTEPE,40536,4,11,95,393,4,1,13,30,0,0,0,480,984.0,685.0,557.0,1027.0,1194.0,5.0,30047,1
538,KAÐITHANE,EMNÝYET EVLERÝ,40537,1,2,17,83,1,0,3,7,0,0,0,106,208.0,146.0,130.0,167.0,313.0,4.0,32935,3
539,KAÐITHANE,GÜLTEPE,40538,2,6,51,204,2,1,6,13,0,0,0,224,406.0,683.0,61.0,526.0,621.0,3.0,8390,3
540,KAÐITHANE,GÜRSEL,40539,8,22,137,430,6,3,22,47,0,0,1,774,858.0,682.0,472.0,1033.0,962.0,17.0,13810,1
541,KAÐITHANE,HAMÝDÝYE,40541,3,12,63,252,3,2,16,37,1,1,1,835,179.0,802.0,339.0,559.0,611.0,150.0,30033,1
542,KAÐITHANE,HARMANTEPE,40540,3,10,86,311,2,1,8,20,0,0,0,328,600.0,830.0,304.0,956.0,774.0,4.0,38313,1
543,KAÐITHANE,HÜRRÝYET,40542,4,14,87,313,4,2,11,25,0,0,0,394,878.0,463.0,265.0,807.0,781.0,18.0,22007,1
544,KAÐITHANE,MEHMET AKÝF ERSOY,40544,10,25,112,243,8,6,23,44,0,0,1,908,551.0,322.0,89.0,600.0,362.0,0.0,20219,3
545,KAÐITHANE,MERKEZ,40543,11,31,162,459,9,6,29,61,1,1,1,722,576.0,847.0,473.0,895.0,919.0,82.0,12672,1
546,KAÐITHANE,NURTEPE,40545,9,25,123,326,8,5,26,52,0,1,1,865,546.0,651.0,267.0,819.0,620.0,25.0,30404,1
547,KAÐITHANE,ORTABAYIR,40546,3,8,67,276,3,1,10,22,0,0,0,342,726.0,702.0,107.0,630.0,893.0,12.0,25628,1
548,KAÐITHANE,SEYRANTEPE,40548,3,10,71,286,1,0,8,22,0,0,1,410,449.0,540.0,478.0,647.0,798.0,22.0,22994,1
549,KAÐITHANE,SULTAN SELÝM,40547,3,9,74,356,3,1,12,28,0,0,1,442,808.0,1047.0,255.0,712.0,1385.0,13.0,22545,1
550,KAÐITHANE,ÞÝRÝNTEPE,40549,2,8,55,229,3,1,8,19,0,0,0,349,511.0,657.0,138.0,609.0,692.0,5.0,21823,3
551,KAÐITHANE,TALATPAÞA,40550,12,32,178,529,12,6,32,68,1,1,1,1049,1166.0,946.0,232.0,1298.0,1037.0,9.0,36381,1
552,KAÐITHANE,TELSÝZLER,40551,2,5,41,173,2,1,6,14,0,0,0,180,474.0,325.0,165.0,496.0,461.0,7.0,33039,3
553,KAÐITHANE,YAHYA KEMAL,40552,6,21,125,304,7,4,19,39,0,0,1,607,508.0,503.0,252.0,795.0,465.0,3.0,11774,3
554,KAÐITHANE,YEÞÝLCE,40553,2,5,46,187,1,0,4,10,0,0,0,176,428.0,629.0,58.0,540.0,572.0,3.0,17746,3
555,KARTAL,ATALAR,40554,8,19,131,438,12,5,33,68,1,1,1,985,490.0,712.0,321.0,506.0,900.0,117.0,11934,1
556,KARTAL,CEVÝZLÝ,40555,8,22,151,435,9,5,27,57,0,0,1,914,655.0,721.0,259.0,787.0,802.0,46.0,31275,1
557,KARTAL,CUMHURÝYET,40556,5,21,141,407,2,0,12,28,0,0,1,653,374.0,903.0,503.0,1140.0,607.0,33.0,14286,3
558,KARTAL,ÇAVUÞOÐLU,40558,12,33,170,373,7,3,20,40,0,0,1,678,582.0,549.0,201.0,880.0,392.0,60.0,27267,1
559,KARTAL,ESENTEPE,40559,9,32,209,564,5,2,21,48,1,1,1,853,672.0,1122.0,446.0,1390.0,797.0,53.0,21609,1
560,KARTAL,GÜMÜÞPINAR,40560,6,22,133,366,7,3,22,49,0,0,1,914,301.0,813.0,339.0,830.0,566.0,57.0,26844,1
561,KARTAL,HÜRRÝYET,40561,19,72,401,948,13,7,48,107,1,1,2,2088,908.0,2020.0,784.0,2645.0,984.0,83.0,26464,0
562,KARTAL,KARLIKTEPE,40562,12,31,185,517,11,6,33,68,1,1,1,1217,686.0,570.0,549.0,774.0,934.0,97.0,47943,1
563,KARTAL,KORDONBOYU,40563,10,24,105,254,10,5,29,55,0,0,2,560,208.0,324.0,200.0,253.0,390.0,89.0,31049,3
564,KARTAL,ORHANTEPE,40564,22,62,309,618,18,8,57,114,1,1,3,1752,802.0,994.0,267.0,1318.0,686.0,59.0,11356,1
565,KARTAL,ORTA,40565,3,10,72,255,3,1,10,23,0,0,0,425,278.0,479.0,326.0,462.0,595.0,26.0,29960,3
566,KARTAL,PETROL ÝÞ,40566,7,17,109,377,11,5,31,63,1,1,1,905,382.0,688.0,202.0,329.0,796.0,147.0,18790,1
567,KARTAL,SOÐANLIK YENÝ,40567,6,21,133,397,6,2,20,45,0,0,1,839,488.0,687.0,366.0,811.0,676.0,54.0,28760,1
568,KARTAL,TOPSELVÝ,40568,10,29,167,325,8,4,22,44,0,0,1,702,569.0,423.0,151.0,803.0,331.0,9.0,26713,1
569,KARTAL,UÐUR MUMCU,40569,4,9,42,194,16,8,47,91,0,0,1,965,5.0,570.0,112.0,148.0,168.0,371.0,12201,3
570,KARTAL,YAKACIK ÇARSI,40557,13,44,199,441,5,3,21,48,1,1,1,774,317.0,736.0,583.0,1212.0,369.0,55.0,41544,1
571,KARTAL,YAKACIK YENÝ,40570,9,32,152,314,7,4,24,50,0,0,1,920,48.0,736.0,300.0,775.0,248.0,61.0,16305,3
572,KARTAL,YALI,40571,13,31,148,279,11,7,29,56,0,0,1,775,491.0,343.0,96.0,588.0,332.0,10.0,16238,3
573,KARTAL,YUKARI,40572,6,15,73,188,6,3,16,31,0,0,0,363,293.0,240.0,74.0,263.0,317.0,27.0,11471,3
574,KARTAL,YUNUS,40573,17,47,252,483,9,6,31,63,0,1,1,907,662.0,856.0,186.0,1318.0,365.0,21.0,8143,1
575,KÜÇÜKÇEKMECE,ATAKENT,40582,8,25,118,356,24,10,82,170,2,2,3,3055,6.0,210.0,962.0,283.0,337.0,558.0,15215,0
576,KÜÇÜKÇEKMECE,ATATÜRK,40591,32,97,473,985,41,25,115,230,1,1,2,3108,317.0,2060.0,664.0,1765.0,1268.0,8.0,93229,2
577,KÜÇÜKÇEKMECE,BEÞYOL,40603,7,17,55,88,5,3,14,27,0,0,1,193,45.0,66.0,118.0,100.0,122.0,7.0,42737,3
578,KÜÇÜKÇEKMECE,CENNET,40607,88,134,325,415,126,85,330,567,1,1,3,3933,367.0,413.0,431.0,579.0,632.0,0.0,4092,2
579,KÜÇÜKÇEKMECE,CUMHURÝYET,40601,109,209,626,803,148,89,392,696,2,2,5,6445,615.0,934.0,732.0,1257.0,1000.0,24.0,29995,2
580,KÜÇÜKÇEKMECE,FATÝH,40606,54,74,168,184,54,34,140,238,1,1,2,1489,268.0,143.0,213.0,412.0,185.0,27.0,51065,1
581,KÜÇÜKÇEKMECE,FEVZÝ ÇAKMAK,40596,84,155,477,603,89,51,232,406,1,1,2,3312,604.0,790.0,334.0,889.0,815.0,24.0,10544,2
582,KÜÇÜKÇEKMECE,GÜLTEPE,40589,52,116,391,591,68,39,182,332,1,1,3,3207,213.0,486.0,823.0,502.0,1020.0,0.0,25229,2
583,KÜÇÜKÇEKMECE,HALKALI MERKEZ,40590,57,163,709,1315,92,53,255,492,2,2,7,5838,283.0,2295.0,1097.0,1991.0,1566.0,118.0,30092,2
584,KÜÇÜKÇEKMECE,ÝNÖNÜ,40592,95,243,924,1399,143,83,385,711,2,2,6,7372,436.0,2409.0,1026.0,2279.0,1532.0,60.0,78180,2
585,KÜÇÜKÇEKMECE,ÝSTASYON,40605,46,116,452,751,46,29,129,246,1,1,3,3350,575.0,1037.0,658.0,1481.0,678.0,111.0,73048,2
586,KÜÇÜKÇEKMECE,KANARYA,40604,116,235,802,1210,144,91,384,696,1,1,4,7297,1042.0,1553.0,873.0,1991.0,1454.0,23.0,37997,2
587,KÜÇÜKÇEKMECE,KARTALTEPE,40588,62,112,313,374,52,34,137,239,1,1,3,1752,340.0,473.0,313.0,761.0,365.0,0.0,67272,1
588,KÜÇÜKÇEKMECE,KEMALPAÞA,40594,34,65,219,316,44,24,114,202,0,1,1,1655,232.0,470.0,129.0,324.0,507.0,0.0,12166,1
589,KÜÇÜKÇEKMECE,MEHMET AKÝF,40586,21,75,435,991,33,19,95,201,1,1,2,3390,172.0,2178.0,687.0,1650.0,1380.0,7.0,14667,0
590,KÜÇÜKÇEKMECE,SÖÐÜTLÜ ÇEÞME,40587,82,181,645,892,89,51,236,424,1,1,3,3896,776.0,1273.0,516.0,1603.0,960.0,2.0,53351,2
591,KÜÇÜKÇEKMECE,SULTAN MURAT,40595,42,85,262,329,47,28,125,222,0,1,1,1891,245.0,424.0,271.0,543.0,397.0,0.0,33233,1
592,KÜÇÜKÇEKMECE,TEVFÝKBEY,40593,87,171,533,722,103,63,272,482,1,2,4,4404,454.0,1024.0,574.0,1099.0,920.0,33.0,13776,2
593,KÜÇÜKÇEKMECE,YARIMBURGAZ,40599,11,45,204,362,3,2,20,45,0,1,1,750,91.0,938.0,268.0,1160.0,137.0,0.0,36848,1
594,KÜÇÜKÇEKMECE,YENÝ MAHALLE,40600,67,118,327,437,71,49,190,336,1,1,3,2297,333.0,425.0,473.0,670.0,560.0,1.0,10461,2
595,KÜÇÜKÇEKMECE,YEÞÝLOVA,40602,86,180,520,676,93,63,250,451,1,1,4,4140,121.0,1020.0,818.0,1232.0,727.0,0.0,19408,2
596,MALTEPE,ALTAYÇEÞME,40612,6,15,90,294,9,4,27,57,0,1,1,877,249.0,679.0,144.0,359.0,554.0,159.0,33002,1
597,MALTEPE,ALTINTEPE,40613,10,22,126,403,18,9,47,93,1,0,1,1077,315.0,878.0,86.0,333.0,924.0,22.0,30255,1
598,MALTEPE,AYDINEVLER,40617,4,16,86,265,2,1,12,31,0,0,1,573,83.0,722.0,220.0,580.0,428.0,17.0,30375,3
599,MALTEPE,BAÐLARBAÞI,40615,26,59,309,720,35,19,95,181,1,1,2,2227,854.0,1183.0,187.0,962.0,1128.0,134.0,20099,1
600,MALTEPE,BAÞIBÜYÜK,40625,19,68,286,618,10,8,37,80,1,1,1,1184,583.0,1522.0,336.0,2122.0,292.0,27.0,41773,1
601,MALTEPE,BÜYÜKBAKKALKÖY,40624,3,15,86,189,0,0,1,5,0,0,1,80,105.0,383.0,367.0,803.0,47.0,5.0,21640,3
602,MALTEPE,CEVÝZLÝ,40614,27,69,343,710,30,15,85,162,1,1,2,2224,481.0,1390.0,233.0,1070.0,948.0,86.0,7779,1
603,MALTEPE,ÇINAR,40608,4,10,67,218,6,3,19,41,0,0,1,602,208.0,524.0,43.0,252.0,523.0,0.0,35382,3
604,MALTEPE,ESENKENT,40620,22,70,290,581,18,12,55,108,0,1,2,1406,531.0,1413.0,71.0,1535.0,480.0,0.0,19848,1
605,MALTEPE,FEYZULLAH,40610,14,30,140,313,20,10,53,98,1,1,1,1170,366.0,472.0,52.0,287.0,509.0,94.0,21745,1
606,MALTEPE,FINDIKLI,40619,4,14,130,561,4,2,22,57,0,0,1,1156,91.0,1317.0,819.0,621.0,1550.0,56.0,19052,1
607,MALTEPE,GÝRNE,40618,2,9,53,176,2,0,10,25,0,0,0,433,18.0,587.0,124.0,405.0,243.0,81.0,59271,3
608,MALTEPE,GÜLENSU,40622,28,99,400,753,14,12,44,90,0,1,1,976,722.0,1937.0,183.0,2712.0,130.0,0.0,16172,0
609,MALTEPE,GÜLSUYU,40621,20,67,316,595,12,9,37,76,1,1,1,947,802.0,1249.0,129.0,1934.0,233.0,13.0,15441,1
610,MALTEPE,ÝDEALTEPE,40609,4,12,84,270,7,3,22,47,0,0,1,702,129.0,688.0,126.0,371.0,568.0,4.0,15288,3
611,MALTEPE,KÜÇÜKYALI MERKEZ,40611,6,15,100,315,9,4,27,57,0,0,1,816,390.0,625.0,99.0,433.0,678.0,3.0,21982,1
612,MALTEPE,YALI,40616,25,57,212,320,20,11,55,102,1,1,2,1208,303.0,559.0,100.0,638.0,247.0,77.0,25940,1
613,MALTEPE,ZÜMRÜTEVLER,40623,13,43,270,855,18,8,58,128,1,1,2,2444,311.0,2016.0,738.0,1229.0,1588.0,248.0,12893,0
614,PENDÝK,AHMET YESEVÝ,40632,7,38,233,524,6,2,24,59,1,1,2,1282,27.0,1294.0,524.0,1254.0,578.0,13.0,82651,1
615,PENDÝK,BAHÇELÝEVLER,40628,7,23,130,306,6,3,19,38,0,0,1,609,284.0,347.0,426.0,673.0,345.0,39.0,26717,3
616,PENDÝK,BALLICA,191755,1,4,25,60,0,0,0,0,0,0,0,28,14.0,117.0,197.0,327.0,1.0,0.0,12417,3
617,PENDÝK,BATI,40633,8,23,122,309,8,4,25,50,0,0,1,737,231.0,361.0,339.0,338.0,589.0,4.0,400,3
618,PENDÝK,ÇAMÇEÞME,40649,7,23,161,487,8,4,26,57,0,0,1,1046,413.0,1105.0,321.0,910.0,906.0,23.0,15521,1
619,PENDÝK,ÇAMLIK,40656,3,19,114,243,1,0,5,21,0,1,1,616,0.0,365.0,663.0,854.0,117.0,57.0,31480,3
620,PENDÝK,ÇINARDERE,40644,11,38,188,386,8,6,27,56,0,0,1,958,498.0,618.0,319.0,1063.0,357.0,15.0,15987,1
621,PENDÝK,DOÐU,40627,9,26,130,321,10,5,30,59,1,1,1,813,111.0,479.0,347.0,366.0,496.0,75.0,18465,1
622,PENDÝK,DUMLUPINAR,40626,17,58,286,611,11,8,38,82,1,1,1,1398,859.0,879.0,513.0,1721.0,514.0,16.0,16043,1
623,PENDÝK,EMÝRLÝ,191757,0,2,12,36,0,0,0,0,0,0,0,14,19.0,88.0,149.0,253.0,3.0,0.0,25596,3
624,PENDÝK,ERTUÐRUL GAZÝ,40635,29,107,405,796,7,9,40,85,0,1,1,720,2.0,2876.0,407.0,3265.0,20.0,0.0,256,0
625,PENDÝK,ESENLER,40638,3,15,111,366,2,1,12,31,0,0,1,782,103.0,747.0,771.0,830.0,754.0,37.0,14532,3
626,PENDÝK,ESENYALI,40643,5,14,65,277,7,3,19,37,0,0,1,357,124.0,616.0,245.0,195.0,224.0,566.0,31553,3
627,PENDÝK,FATÝH,40647,6,25,163,415,6,3,19,43,0,0,1,905,129.0,977.0,358.0,897.0,564.0,3.0,14088,3
628,PENDÝK,FEVZÝ ÇAKMAK,40629,7,26,179,537,7,2,26,60,1,1,1,1133,467.0,1063.0,593.0,1140.0,946.0,37.0,21209,1
629,PENDÝK,GÖÇBEYLÝ,191759,1,6,45,118,0,0,0,0,0,0,0,50,0.0,11.0,674.0,684.0,1.0,0.0,36918,3
630,PENDÝK,GÜLLÜ BAÐLAR,40640,4,21,131,316,1,0,11,26,0,0,1,552,69.0,943.0,295.0,1014.0,283.0,10.0,1172,3
631,PENDÝK,GÜZELYALI,40634,8,27,133,513,10,3,31,62,1,1,2,988,148.0,850.0,840.0,446.0,603.0,789.0,13852,0
632,PENDÝK,HARMANDERE,40636,5,16,60,118,4,2,13,27,0,0,0,441,90.0,198.0,156.0,348.0,36.0,60.0,33575,3
633,PENDÝK,KAVAKPINAR,40646,21,93,557,1271,19,8,65,145,1,1,3,2841,305.0,3558.0,850.0,3313.0,1378.0,22.0,7925,0
634,PENDÝK,KAYNARCA,40631,12,37,235,734,14,6,46,99,1,1,2,1681,392.0,1167.0,943.0,964.0,1426.0,112.0,60252,1
635,PENDÝK,KURNA,191761,2,9,47,111,0,0,0,1,0,1,0,65,79.0,206.0,279.0,563.0,1.0,0.0,48246,3
636,PENDÝK,KURTDOÐMUÞ,191763,0,1,10,35,0,0,0,0,0,0,0,10,13.0,103.0,239.0,355.0,0.0,0.0,1244,3
637,PENDÝK,KURTKÖY,40654,3,15,109,334,0,0,8,26,0,0,1,743,164.0,725.0,723.0,1014.0,487.0,111.0,441,3
638,PENDÝK,ORHANGAZÝ,40650,8,33,217,557,9,4,26,59,1,0,1,1239,192.0,1276.0,448.0,1118.0,795.0,3.0,30775,1
639,PENDÝK,ORTA,40645,8,24,107,196,5,4,16,32,0,0,0,415,343.0,229.0,116.0,583.0,104.0,1.0,28009,3
640,PENDÝK,RAMAZANOÐLU,40639,11,47,212,354,1,0,10,23,1,1,1,220,61.0,570.0,635.0,1177.0,86.0,3.0,5909,3
641,PENDÝK,SANAYÝ,40651,6,28,133,219,3,2,9,19,1,0,1,215,29.0,333.0,418.0,709.0,63.0,8.0,2930,3
642,PENDÝK,SAPAN BAÐLARI,40637,10,27,135,266,8,5,22,45,0,0,1,688,356.0,319.0,244.0,643.0,243.0,33.0,3414,3
643,PENDÝK,SÜLÜNTEPE,40655,8,41,230,537,4,2,19,47,0,1,1,976,44.0,1645.0,673.0,2070.0,240.0,52.0,11264,0
644,PENDÝK,ÞEYHLÝ,40630,7,27,144,313,4,2,17,38,1,1,1,832,117.0,462.0,527.0,732.0,319.0,55.0,16720,3
645,PENDÝK,VELÝBABA,40642,10,48,271,665,5,3,26,66,1,1,2,1391,228.0,1469.0,1043.0,2139.0,575.0,26.0,23741,0
646,PENDÝK,YAYALAR,40641,5,21,112,256,1,0,10,24,0,0,1,496,167.0,634.0,265.0,887.0,165.0,14.0,36461,3
647,PENDÝK,YENÝ,40652,16,44,208,365,14,8,38,74,0,1,1,1129,403.0,405.0,343.0,793.0,312.0,46.0,11782,1
648,PENDÝK,YENÝÞEHÝR,40653,3,18,117,335,2,0,17,49,1,1,1,1526,1.0,696.0,829.0,792.0,336.0,398.0,15263,0
649,PENDÝK,YEÞÝLBAÐLAR,40648,6,17,88,162,4,2,13,26,0,0,1,385,221.0,156.0,189.0,393.0,161.0,12.0,57841,3
650,SANCAKTEPE,ABDURRAHMANGAZÝ,40579,5,29,183,515,3,1,13,35,1,1,2,931,41.0,1025.0,1371.0,1673.0,743.0,21.0,6262,0
651,SANCAKTEPE,AKPINAR,40575,14,57,268,534,11,7,36,78,1,1,2,1340,1.0,1351.0,532.0,1527.0,357.0,0.0,31716,0
652,SANCAKTEPE,ATATÜRK,98781,1,6,69,285,0,0,2,12,0,0,0,359,54.0,1110.0,713.0,1068.0,809.0,0.0,20949,3
653,SANCAKTEPE,EMEK,40759,4,22,144,394,3,1,14,36,0,1,1,844,4.0,843.0,694.0,903.0,602.0,36.0,28687,3
654,SANCAKTEPE,EYÜP SULTAN,40578,5,24,154,419,1,0,9,28,1,1,2,628,68.0,615.0,986.0,1093.0,571.0,5.0,24340,0
655,SANCAKTEPE,FATÝH,40576,7,35,213,538,4,1,21,54,1,1,2,1257,8.0,839.0,986.0,1123.0,679.0,31.0,18918,0
656,SANCAKTEPE,HÝLAL,40776,1,7,54,148,0,0,2,6,0,0,0,157,1.0,422.0,469.0,874.0,18.0,0.0,27938,3
657,SANCAKTEPE,ÝNÖNÜ,40760,1,4,48,228,0,0,2,11,0,0,0,271,20.0,608.0,699.0,541.0,786.0,0.0,5458,3
658,SANCAKTEPE,KEMAL TÜRKLER,40761,1,7,63,230,0,0,3,12,0,0,0,329,24.0,679.0,579.0,761.0,519.0,2.0,22817,3
659,SANCAKTEPE,MECLÝS,40762,1,6,64,286,1,0,4,15,0,1,1,393,53.0,660.0,761.0,567.0,907.0,0.0,19404,3
660,SANCAKTEPE,MERVE,40775,2,12,96,285,0,0,3,15,0,0,1,457,2.0,660.0,848.0,1093.0,412.0,5.0,25603,3
661,SANCAKTEPE,MEVLANA,40773,2,14,93,265,1,1,6,18,0,0,1,434,1.0,814.0,602.0,1151.0,264.0,2.0,18226,3
662,SANCAKTEPE,OSMANGAZÝ,40580,19,84,416,861,11,6,46,111,1,1,3,2173,25.0,1906.0,1282.0,2477.0,704.0,32.0,15823,0
663,SANCAKTEPE,PAÞAKÖY,192001,1,9,51,125,0,0,0,0,0,0,0,65,99.0,151.0,445.0,686.0,9.0,0.0,40149,3
664,SANCAKTEPE,SAFA,40771,2,13,88,256,1,0,7,21,0,0,0,517,1.0,515.0,605.0,736.0,366.0,19.0,1723,3
665,SANCAKTEPE,SARIGAZÝ,40763,4,17,114,322,3,1,12,30,0,0,1,704,41.0,737.0,543.0,750.0,571.0,0.0,18424,3
666,SANCAKTEPE,VEYSEL KARANÝ,40574,10,47,250,504,8,5,26,58,1,1,1,1215,5.0,1298.0,517.0,1459.0,328.0,33.0,21755,0
667,SANCAKTEPE,YENÝDOÐAN,40774,1,6,63,226,0,0,1,9,0,0,1,313,6.0,814.0,613.0,995.0,425.0,13.0,19545,3
668,SANCAKTEPE,YUNUS EMRE,40772,3,17,108,312,1,1,9,25,0,0,1,580,6.0,826.0,715.0,1152.0,389.0,6.0,20155,3
669,SARIYER,AYAZAÐA,40686,5,23,152,448,2,1,13,33,1,1,1,714,733.0,1198.0,707.0,2017.0,562.0,59.0,20761,1
670,SARIYER,BAHÇEKÖY KEMER,40684,0,1,12,40,0,0,0,0,0,0,0,34,73.0,140.0,95.0,269.0,36.0,3.0,35317,3
671,SARIYER,BAHÇEKÖY MERKEZ,40682,0,1,11,39,0,0,0,2,0,0,0,49,132.0,102.0,63.0,211.0,84.0,2.0,3868,3
672,SARIYER,BAHÇEKÖY YENÝ,40683,0,1,13,47,0,0,0,1,0,0,0,62,96.0,168.0,117.0,276.0,99.0,6.0,5225,3
673,SARIYER,BALTALÝMANI,40657,3,12,74,187,0,0,3,8,0,0,0,125,268.0,593.0,364.0,1204.0,19.0,2.0,5181,3
674,SARIYER,BÜYÜKDERE,40658,7,22,123,298,2,1,7,17,0,0,0,295,552.0,885.0,353.0,1688.0,102.0,0.0,8841,3
675,SARIYER,CUMHURÝYET,40659,2,10,66,200,0,0,3,10,0,0,0,176,425.0,780.0,313.0,1400.0,118.0,0.0,6119,3
676,SARIYER,ÇAMLITEPE,40660,1,4,27,97,0,0,1,5,0,0,0,83,441.0,233.0,243.0,850.0,67.0,0.0,5089,3
677,SARIYER,ÇAYIRBAÞI,40661,12,27,98,166,5,3,15,28,0,0,0,286,340.0,347.0,182.0,844.0,25.0,0.0,11247,3
678,SARIYER,DARÜÞÞAFAKA,40662,1,3,15,48,0,0,1,3,0,0,0,140,25.0,237.0,76.0,174.0,162.0,2.0,9458,3
679,SARIYER,DEMÝRCÝKÖY,191765,1,3,31,92,0,0,0,0,0,0,0,34,6.0,392.0,318.0,715.0,1.0,0.0,1306,3
680,SARIYER,EMÝRGAN,40663,1,3,39,130,0,0,0,1,0,0,0,87,406.0,281.0,363.0,973.0,77.0,0.0,8954,3
681,SARIYER,FATÝH SULTAN MEHMET,40664,3,19,153,434,0,0,4,14,0,0,0,291,255.0,1782.0,800.0,2762.0,75.0,0.0,15813,3
682,SARIYER,FERAHEVLER,40665,1,6,55,203,0,0,1,5,0,0,0,150,546.0,961.0,534.0,1777.0,263.0,1.0,15183,3
683,SARIYER,GARÝPÇE,191767,0,1,6,19,0,0,0,0,0,0,0,7,19.0,76.0,54.0,146.0,3.0,0.0,393,3
684,SARIYER,GÜMÜÞDERE,191769,1,5,37,107,0,0,0,0,0,0,0,54,17.0,352.0,409.0,766.0,12.0,0.0,4193,3
685,SARIYER,HUZUR,40700,1,4,26,94,0,0,1,3,0,0,1,124,212.0,161.0,178.0,368.0,106.0,77.0,7948,3
686,SARIYER,ÝSTÝNYE,40666,11,30,141,284,8,5,23,44,0,1,1,592,432.0,378.0,688.0,1261.0,237.0,0.0,16089,3
687,SARIYER,KAZIM KARABEKÝR PAÞA,40667,2,10,75,217,0,0,2,8,0,0,0,158,430.0,807.0,304.0,1508.0,31.0,2.0,8201,3
688,SARIYER,KISIRKAYA,191771,0,2,12,31,0,0,0,0,0,0,0,28,0.0,121.0,92.0,213.0,0.0,0.0,2379,3
689,SARIYER,KÝREÇBURNU,40668,1,2,27,98,0,0,0,1,0,0,0,38,380.0,384.0,224.0,917.0,71.0,0.0,7049,3
690,SARIYER,KOCATAÞ,40669,1,6,46,134,0,0,1,4,0,0,0,80,228.0,484.0,258.0,968.0,2.0,0.0,333,3
691,SARIYER,KUMKÖY (KÝLYOS),191773,1,6,57,173,0,0,0,0,0,0,1,83,0.0,544.0,766.0,1288.0,22.0,0.0,4500,3
692,SARIYER,MADEN,40670,4,14,111,310,1,1,6,13,0,0,1,268,513.0,991.0,743.0,2162.0,85.0,0.0,3331,3
693,SARIYER,MASLAK,40704,1,6,45,124,1,1,6,15,0,1,1,26,115.0,180.0,347.0,564.0,54.0,24.0,13207,3
694,SARIYER,PINAR,40672,2,9,59,192,1,1,4,10,0,0,0,195,378.0,298.0,854.0,1424.0,106.0,0.0,8091,3
695,SARIYER,POLÝGON,40673,1,3,28,91,0,0,0,3,0,0,0,98,210.0,148.0,360.0,649.0,69.0,0.0,12750,3
696,SARIYER,PTT EVLERÝ,40674,4,9,53,111,2,1,7,14,0,0,0,175,162.0,257.0,137.0,479.0,77.0,0.0,11628,3
697,SARIYER,REÞÝTPAÞA,40675,4,18,125,384,1,1,6,18,1,0,1,307,1225.0,637.0,822.0,2464.0,215.0,5.0,6704,1
698,SARIYER,RUMELÝ HÝSARI,40676,3,11,77,223,0,0,3,8,0,0,0,195,558.0,407.0,385.0,1071.0,276.0,3.0,5405,3
699,SARIYER,RUMELÝ KAVAÐI,40677,3,9,56,135,0,0,2,6,0,0,0,119,319.0,265.0,181.0,709.0,56.0,0.0,17903,3
700,SARIYER,RUMELÝFENERÝ,191775,1,3,28,89,0,0,0,0,0,0,0,42,3.0,353.0,345.0,684.0,17.0,0.0,4550,3
701,SARIYER,SARIYER MERKEZ,40671,15,37,179,380,8,5,25,47,1,1,1,546,715.0,781.0,372.0,1593.0,275.0,0.0,10785,1
702,SARIYER,TARABYA,40678,0,4,51,205,0,0,0,1,0,0,1,145,365.0,1330.0,599.0,2009.0,284.0,1.0,3765,3
703,SARIYER,USKUMRUKÖY,191777,1,12,123,364,0,0,0,0,1,1,0,184,38.0,1277.0,1397.0,2710.0,2.0,0.0,18103,0
704,SARIYER,YENÝ,40679,5,11,60,136,2,1,5,11,0,0,0,145,318.0,240.0,154.0,667.0,45.0,0.0,8178,3
705,SARIYER,YENÝKÖY,40680,2,10,92,287,0,0,2,8,0,0,1,250,904.0,950.0,591.0,2140.0,299.0,6.0,15481,1
706,SARIYER,ZEKERÝYAKÖY,191779,1,8,103,360,0,0,0,0,1,1,1,231,57.0,1639.0,1517.0,2915.0,297.0,1.0,3442,0
707,SÝLÝVRÝ,AKÖREN,191835,4,17,83,199,0,0,0,0,1,0,1,95,0.0,695.0,440.0,1129.0,6.0,0.0,18867,3
708,SÝLÝVRÝ,ALÝBEY,40920,8,28,134,330,7,4,24,53,1,1,1,1015,1.0,268.0,668.0,353.0,574.0,10.0,90,3
709,SÝLÝVRÝ,ALÝPAÞA,40927,8,31,127,221,0,0,1,3,1,1,1,117,0.0,456.0,472.0,925.0,3.0,0.0,1973,3
710,SÝLÝVRÝ,BALABAN,40930,32,118,468,686,0,0,4,9,1,1,2,488,17.0,1842.0,977.0,2788.0,48.0,0.0,1815,0
711,SÝLÝVRÝ,BEKÝRLÝ,191845,3,7,24,49,0,0,0,1,0,0,0,28,109.0,56.0,109.0,274.0,0.0,0.0,388,3
712,SÝLÝVRÝ,BEYCÝLER,191847,4,13,55,131,0,0,1,2,0,0,1,69,0.0,565.0,259.0,824.0,0.0,0.0,515,3
713,SÝLÝVRÝ,BÜYÜK ÇAVUÞLU,40941,9,26,101,239,0,0,3,6,0,1,1,145,0.0,1107.0,455.0,1553.0,5.0,4.0,130,3
714,SÝLÝVRÝ,BÜYÜK KILIÇLI,16775,4,17,75,172,0,0,0,0,0,0,0,85,0.0,557.0,351.0,905.0,3.0,0.0,3398,3
715,SÝLÝVRÝ,BÜYÜK SÝNEKLÝ,16771,3,7,25,55,0,0,0,0,0,0,0,89,0.0,238.0,86.0,324.0,0.0,0.0,265,3
716,SÝLÝVRÝ,CUMHURÝYET,40922,34,126,490,678,6,3,22,49,1,2,1,704,0.0,1541.0,1015.0,2431.0,125.0,0.0,92,0
717,SÝLÝVRÝ,ÇAYIRDERE,191851,12,26,73,155,0,0,2,4,0,0,0,104,316.0,328.0,417.0,1061.0,0.0,0.0,305,3
718,SÝLÝVRÝ,ÇELTÝK,191837,8,31,124,207,0,0,0,1,1,1,1,142,0.0,602.0,265.0,861.0,6.0,0.0,216,3
719,SÝLÝVRÝ,DANAMANDIRA,191853,2,5,23,63,0,0,0,1,0,0,0,32,0.0,342.0,160.0,501.0,1.0,0.0,8576,3
720,SÝLÝVRÝ,FATÝH,40918,9,28,104,215,6,4,17,36,0,0,0,454,5.0,357.0,314.0,465.0,211.0,0.0,994,3
721,SÝLÝVRÝ,FENER,16765,13,45,168,316,0,0,2,4,1,1,1,195,312.0,621.0,446.0,1376.0,3.0,0.0,144,3
722,SÝLÝVRÝ,FEVZÝPAÞA,40933,7,29,128,242,1,1,5,12,1,1,2,188,14.0,590.0,474.0,1061.0,16.0,1.0,185,3
723,SÝLÝVRÝ,GAZÝTEPE,40925,7,28,105,180,0,0,1,3,0,0,0,124,0.0,526.0,228.0,752.0,2.0,0.0,104,3
724,SÝLÝVRÝ,GÜMÜÞYAKA,40935,45,186,781,1146,1,0,14,34,2,2,5,946,0.0,2966.0,1610.0,4502.0,74.0,0.0,455,0
725,SÝLÝVRÝ,HÜRRÝYET,40937,1,16,110,214,0,0,0,0,1,1,0,322,0.0,0.0,910.0,904.0,6.0,0.0,756,3
726,SÝLÝVRÝ,ÝSMETPAÞA,40934,7,29,122,229,1,1,4,10,1,1,1,221,149.0,504.0,401.0,1048.0,6.0,0.0,121,3
727,SÝLÝVRÝ,KADIKÖY,40939,12,38,128,224,1,1,4,9,0,0,0,170,281.0,354.0,294.0,929.0,0.0,0.0,74,3
728,SÝLÝVRÝ,KAVAKLI,40936,2,18,119,226,0,0,0,1,1,1,0,153,0.0,0.0,943.0,927.0,16.0,0.0,574,3
729,SÝLÝVRÝ,KURFALLI,191855,3,11,39,90,0,0,0,0,0,0,0,48,1.0,350.0,148.0,497.0,1.0,1.0,724,3
730,SÝLÝVRÝ,KÜÇÜK KILIÇLI,40924,2,7,28,54,0,0,0,0,0,0,0,30,0.0,124.0,117.0,241.0,0.0,0.0,188,3
731,SÝLÝVRÝ,KÜÇÜK SÝNEKLÝ,16779,1,3,8,18,0,0,0,0,0,0,0,11,0.0,88.0,13.0,101.0,0.0,0.0,306,3
732,SÝLÝVRÝ,MÝMAR SÝNAN,40923,37,139,559,822,9,3,33,72,1,2,4,1349,0.0,1899.0,1315.0,3105.0,105.0,4.0,944,0
733,SÝLÝVRÝ,ORTAKÖY,40938,20,75,307,496,1,1,4,10,1,2,0,353,116.0,859.0,1002.0,1950.0,23.0,4.0,241,0
734,SÝLÝVRÝ,PÝRÝ MEHMET PAÞA,40919,11,30,124,278,6,4,19,40,0,1,1,584,0.0,241.0,527.0,310.0,439.0,19.0,215,3
735,SÝLÝVRÝ,SANCAKTEPE,40931,23,85,341,526,1,0,7,15,1,1,2,453,17.0,1172.0,914.0,1996.0,102.0,5.0,264,0
736,SÝLÝVRÝ,SAYALAR,191859,4,10,32,75,0,0,1,3,0,0,0,43,0.0,319.0,251.0,570.0,0.0,0.0,260,3
737,SÝLÝVRÝ,SELÝMPAÞA,40940,31,165,814,1319,5,2,23,64,3,5,5,1515,0.0,1371.0,3583.0,4723.0,231.0,0.0,122,0
738,SÝLÝVRÝ,SEMÝZKUMLAR,40926,52,216,926,1347,3,0,9,20,1,2,3,1093,0.0,2739.0,2671.0,5369.0,39.0,2.0,522,0
739,SÝLÝVRÝ,SEYMEN,191841,5,19,82,180,0,0,0,0,0,0,0,88,0.0,562.0,340.0,895.0,7.0,0.0,159,3
740,SÝLÝVRÝ,YENÝ,40921,17,64,274,518,10,3,46,104,1,2,3,1964,0.0,751.0,1085.0,1385.0,348.0,103.0,219,0
741,SÝLÝVRÝ,YOLÇATI,40932,4,14,54,97,0,0,0,0,0,0,0,64,0.0,302.0,124.0,426.0,0.0,0.0,207,3
742,SULTANBEYLÝ,ABDURRAHMANGAZÝ,40949,14,68,389,781,11,7,36,85,1,1,2,1763,117.0,2143.0,669.0,2481.0,436.0,12.0,269,0
743,SULTANBEYLÝ,ADÝL,40943,2,12,96,265,0,0,5,19,0,0,1,578,2.0,719.0,538.0,939.0,290.0,30.0,289,3
744,SULTANBEYLÝ,AHMET YESEVÝ,40942,8,45,292,677,6,2,23,57,0,0,1,1305,22.0,2165.0,619.0,2407.0,392.0,7.0,324,0
745,SULTANBEYLÝ,AKÞEMSETTÝN,40956,4,29,182,377,2,1,11,30,0,0,1,631,1.0,944.0,681.0,1534.0,92.0,0.0,278,3
746,SULTANBEYLÝ,BATTALGAZÝ,40944,9,58,368,789,4,2,23,63,1,1,2,1470,3.0,2151.0,1213.0,3007.0,345.0,15.0,496,0
747,SULTANBEYLÝ,FATÝH,40951,6,40,256,518,5,2,20,48,0,0,1,1112,0.0,1702.0,416.0,1970.0,148.0,0.0,211,0
748,SULTANBEYLÝ,HAMÝDÝYE,40952,12,67,379,702,10,6,36,83,1,1,2,1651,3.0,1923.0,786.0,2572.0,140.0,0.0,205,0
749,SULTANBEYLÝ,HASANPAÞA,40948,6,36,217,461,4,3,17,42,0,0,1,955,5.0,1112.0,651.0,1512.0,248.0,8.0,741,3
750,SULTANBEYLÝ,MECÝDÝYE,40945,7,42,260,568,4,3,17,46,0,1,2,1075,12.0,1828.0,646.0,2230.0,254.0,2.0,247,0
751,SULTANBEYLÝ,MEHMET AKÝF,40950,12,60,362,743,10,5,34,78,1,1,2,1581,265.0,1791.0,733.0,2298.0,487.0,4.0,146,0
752,SULTANBEYLÝ,MÝMAR SÝNAN,40946,3,26,178,436,0,0,5,24,1,1,2,626,1.0,1100.0,1184.0,2150.0,121.0,14.0,1636,0
753,SULTANBEYLÝ,NECÝP FAZIL,40954,8,52,285,512,5,2,21,51,1,1,2,1082,0.0,1174.0,797.0,1900.0,70.0,1.0,334,0
754,SULTANBEYLÝ,ORHANGAZÝ,40955,7,41,223,410,6,3,22,51,1,1,1,918,0.0,1034.0,556.0,1538.0,52.0,0.0,257,0
755,SULTANBEYLÝ,TURGUT REÝS,40947,3,23,168,417,1,0,10,29,0,0,1,742,27.0,1368.0,463.0,1513.0,344.0,1.0,148,3
756,SULTANBEYLÝ,YAVUZ SELÝM,40953,8,49,294,569,5,2,20,50,0,1,1,1146,0.0,1662.0,685.0,2268.0,79.0,0.0,766,0
757,SULTANGAZÝ,50. YIL,40471,10,32,278,1045,14,7,45,105,1,1,2,1779,212.0,2975.0,926.0,1346.0,2765.0,2.0,355,0
758,SULTANGAZÝ,75. YIL,40467,2,5,47,262,2,0,8,22,0,0,1,387,207.0,529.0,676.0,341.0,1071.0,0.0,272,3
759,SULTANGAZÝ,CEBECÝ,40474,7,30,256,923,5,2,21,56,1,1,1,1347,512.0,2700.0,1307.0,2258.0,2258.0,3.0,189,0
760,SULTANGAZÝ,CUMHURÝYET,40465,1,2,25,134,1,0,4,10,0,0,0,189,61.0,423.0,193.0,170.0,507.0,0.0,113,3
761,SULTANGAZÝ,ESENTEPE,40470,4,19,160,686,3,1,17,48,0,1,1,1114,95.0,2026.0,1414.0,1552.0,1978.0,5.0,231,0
762,SULTANGAZÝ,ESKÝ HABÝPLER,40356,1,6,37,120,0,0,0,4,0,0,0,139,117.0,257.0,395.0,601.0,148.0,20.0,499,3
763,SULTANGAZÝ,GAZÝ,40469,6,24,121,404,6,4,20,46,0,0,1,793,764.0,673.0,650.0,1290.0,797.0,0.0,202,1
764,SULTANGAZÝ,HABÝBLER,40477,3,19,91,275,0,0,0,8,0,0,0,137,161.0,891.0,851.0,1877.0,24.0,2.0,337,3
765,SULTANGAZÝ,ÝSMETPAÞA,40475,4,13,138,611,5,2,17,45,0,0,1,980,399.0,1735.0,911.0,1047.0,1996.0,2.0,208,1
766,SULTANGAZÝ,MALKOÇOÐLU,40476,0,2,26,134,0,0,2,6,0,0,0,163,1.0,531.0,236.0,279.0,489.0,0.0,58,3
767,SULTANGAZÝ,SULTANÇÝFTLÝÐÝ,40472,3,10,104,454,4,1,14,35,0,0,1,641,385.0,1143.0,675.0,813.0,1388.0,2.0,221,1
768,SULTANGAZÝ,UÐUR MUMCU,40473,8,25,206,713,11,5,33,76,1,1,1,1207,421.0,1398.0,738.0,951.0,1598.0,8.0,412,1
769,SULTANGAZÝ,YAYLA,40377,2,11,77,211,0,0,1,6,0,0,0,188,33.0,823.0,491.0,1307.0,40.0,0.0,146,3
770,SULTANGAZÝ,YUNUS EMRE,40466,2,9,74,360,3,2,14,37,0,0,1,667,362.0,649.0,905.0,627.0,1289.0,0.0,1274,1
771,SULTANGAZÝ,ZÜBEYDE HANIM,40468,8,38,164,552,3,3,21,52,0,0,1,793,772.0,1668.0,656.0,2358.0,738.0,0.0,18122,1
772,ÞÝLE,AÐAÇDERE,191927,0,1,5,13,0,0,0,0,0,0,0,6,5.0,60.0,15.0,80.0,0.0,0.0,954,3
773,ÞÝLE,AÐVA MERKEZ,40961,1,4,39,117,0,0,0,0,0,1,1,40,200.0,508.0,151.0,844.0,15.0,0.0,2988,3
774,ÞÝLE,AHMETLÝ,191861,2,6,38,110,0,0,0,0,1,1,1,41,20.0,519.0,324.0,846.0,17.0,0.0,201,3
775,ÞÝLE,AKÇAKESE,191863,0,2,12,40,0,0,0,0,0,0,0,12,5.0,338.0,27.0,368.0,2.0,0.0,1434,3
776,ÞÝLE,ALACALI,191947,0,1,15,53,0,0,0,0,0,0,0,13,0.0,36.0,512.0,548.0,0.0,0.0,3299,3
777,ÞÝLE,AVCIKORU,191949,0,1,6,17,0,0,0,0,0,0,0,5,29.0,72.0,26.0,127.0,0.0,0.0,1159,3
778,ÞÝLE,BALÝBEY,40960,0,3,50,185,0,0,0,0,0,1,1,49,47.0,939.0,831.0,1781.0,36.0,0.0,338,3
779,ÞÝLE,BIÇKIDERE,191951,1,3,14,33,0,0,0,1,0,0,0,16,37.0,130.0,18.0,185.0,0.0,0.0,1204,3
780,ÞÝLE,BOZGOCA,16785,0,0,3,9,0,0,0,0,0,0,0,2,4.0,79.0,13.0,96.0,0.0,0.0,1011,3
781,ÞÝLE,BUCAKLI,191897,0,1,10,33,0,0,0,0,0,0,0,10,38.0,208.0,39.0,284.0,1.0,0.0,7442,3
782,ÞÝLE,ÇATAKLI,191899,1,1,7,18,0,0,0,0,0,0,0,9,47.0,46.0,25.0,118.0,0.0,0.0,1109,3
783,ÞÝLE,ÇAVUÞ,40959,1,5,62,209,0,0,0,0,1,1,1,130,171.0,1156.0,451.0,1586.0,192.0,0.0,7093,3
784,ÞÝLE,ÇAYIRBAÞI,191867,0,2,17,60,0,0,0,0,0,0,0,18,0.0,415.0,148.0,557.0,6.0,0.0,1528,3
785,ÞÝLE,ÇELEBÝ,191901,0,0,4,15,0,0,0,0,0,0,0,4,0.0,114.0,39.0,153.0,0.0,0.0,3127,3
786,ÞÝLE,ÇENGÝLLÝ,191929,0,2,7,19,0,0,0,0,0,0,0,9,0.0,95.0,12.0,107.0,0.0,0.0,1293,3
787,ÞÝLE,DARLIK,191869,0,1,4,11,0,0,0,0,0,0,0,5,0.0,42.0,17.0,59.0,0.0,0.0,7810,3
788,ÞÝLE,DEÐÝRMENÇAYIRI,191931,1,6,26,63,0,0,0,0,0,0,0,30,0.0,225.0,101.0,326.0,0.0,0.0,1790,3
789,ÞÝLE,DOÐANCILI,191953,0,1,16,63,0,0,0,0,0,0,1,14,0.0,0.0,714.0,710.0,4.0,0.0,3027,3
790,ÞÝLE,ERENLER,191871,0,0,2,5,0,0,0,0,0,0,0,2,0.0,41.0,6.0,47.0,0.0,0.0,1483,3
791,ÞÝLE,ESENCELÝ,191955,0,1,3,8,0,0,0,0,0,0,0,4,8.0,25.0,16.0,49.0,0.0,0.0,1938,3
792,ÞÝLE,GEREDELÝ,191903,1,4,24,72,0,0,0,0,0,0,0,28,24.0,454.0,103.0,581.0,0.0,0.0,275,3
793,ÞÝLE,GÖÇE,191905,1,2,13,40,0,0,0,0,0,0,0,16,62.0,213.0,63.0,337.0,1.0,0.0,156,3
794,ÞÝLE,GÖKMAÞLI,16807,0,1,8,22,0,0,0,0,0,0,0,7,49.0,94.0,8.0,151.0,0.0,0.0,463,3
795,ÞÝLE,GÖKSU,191909,1,3,12,32,0,0,0,0,0,0,0,14,48.0,130.0,24.0,202.0,0.0,0.0,14481,3
796,ÞÝLE,HACI KASIM,40958,0,0,7,29,0,0,0,0,0,0,0,10,82.0,173.0,19.0,240.0,34.0,0.0,3809,3
797,ÞÝLE,HACILLI,191911,0,2,8,20,0,0,0,0,0,0,0,10,4.0,101.0,18.0,123.0,0.0,0.0,9002,3
798,ÞÝLE,HASANLI,191933,1,2,9,26,0,0,0,0,0,0,0,12,1.0,122.0,33.0,156.0,0.0,0.0,5114,3
799,ÞÝLE,ÝMRENDERE,191873,0,2,15,48,0,0,0,0,0,0,0,10,0.0,384.0,29.0,411.0,2.0,0.0,784,3
800,ÞÝLE,ÝMRENLÝ,191875,0,2,14,49,0,0,0,0,0,0,0,10,7.0,358.0,126.0,487.0,4.0,0.0,19003,3
801,ÞÝLE,ÝSAKÖY,191913,1,1,10,20,0,0,0,0,0,0,0,11,45.0,51.0,30.0,126.0,0.0,0.0,23579,3
802,ÞÝLE,KABAKOZ,191877,1,4,23,75,0,0,0,0,0,0,0,19,7.0,444.0,185.0,631.0,5.0,0.0,1032,3
803,ÞÝLE,KADIKÖY,191915,0,0,2,9,0,0,0,0,0,0,0,2,0.0,83.0,11.0,94.0,0.0,0.0,32829,3
804,ÞÝLE,KALEM,191917,0,1,9,28,0,0,0,0,0,0,0,10,55.0,116.0,26.0,197.0,0.0,0.0,373,3
805,ÞÝLE,KARABEYLÝ,191879,0,1,6,18,0,0,0,0,0,0,0,7,1.0,116.0,15.0,131.0,1.0,0.0,11458,3
806,ÞÝLE,KARACAKÖY,191881,0,1,7,25,0,0,0,0,0,0,0,6,4.0,205.0,61.0,268.0,2.0,0.0,10930,3
807,ÞÝLE,KARAKÝRAZ,191957,0,1,7,23,0,0,0,0,0,0,0,5,12.0,182.0,45.0,239.0,0.0,0.0,7255,3
808,ÞÝLE,KARAMANDERE,191883,0,1,6,18,0,0,0,0,0,0,0,8,6.0,127.0,26.0,159.0,0.0,0.0,8096,3
809,ÞÝLE,KERVANSARAY,191959,0,1,7,19,0,0,0,0,0,0,0,7,15.0,118.0,24.0,157.0,0.0,0.0,2684,3
810,ÞÝLE,KIZILCA,191885,1,3,16,49,0,0,0,0,0,0,0,16,140.0,158.0,83.0,370.0,11.0,0.0,7056,3
811,ÞÝLE,KORUCU,191887,0,1,4,13,0,0,0,0,0,0,0,4,3.0,105.0,22.0,130.0,0.0,0.0,12164,3
812,ÞÝLE,KÖMÜRLÜK,191961,0,0,2,9,0,0,0,0,0,0,0,2,27.0,72.0,12.0,111.0,0.0,0.0,14630,3
813,ÞÝLE,KUMBABA,40957,1,5,52,154,0,0,0,0,1,1,1,56,0.0,717.0,422.0,1137.0,2.0,0.0,17327,3
814,ÞÝLE,KURFALLI,191919,0,1,9,30,0,0,0,0,0,0,0,7,0.0,50.0,236.0,285.0,1.0,0.0,23271,3
815,ÞÝLE,KURNA,191963,0,0,5,21,0,0,0,0,0,0,0,4,16.0,201.0,37.0,253.0,1.0,0.0,1691,3
816,ÞÝLE,MEÞRUTÝYET,191889,0,1,12,40,0,0,0,0,0,0,0,11,2.0,262.0,109.0,364.0,9.0,0.0,17012,3
817,ÞÝLE,ORUÇOÐLU,191965,1,3,16,36,0,0,0,0,0,0,0,19,47.0,124.0,22.0,193.0,0.0,0.0,4566,3
818,ÞÝLE,OSMANKÖY,191935,1,2,8,20,0,0,0,0,0,0,0,10,6.0,118.0,14.0,138.0,0.0,0.0,2504,3
819,ÞÝLE,OVACIK,191891,0,1,4,12,0,0,0,0,0,0,0,4,2.0,71.0,24.0,97.0,0.0,0.0,4019,3
820,ÞÝLE,SAHÝLKÖY,191967,0,2,26,94,0,0,0,0,0,0,0,23,4.0,10.0,977.0,991.0,0.0,0.0,8044,3
821,ÞÝLE,SATMAZLI,191893,1,2,10,30,0,0,0,0,0,0,0,11,3.0,196.0,42.0,241.0,0.0,0.0,3312,3
822,ÞÝLE,SOFULAR,191969,0,0,5,19,0,0,0,0,0,0,0,5,12.0,125.0,72.0,209.0,0.0,0.0,15710,3
823,ÞÝLE,SOÐULLU,191921,1,2,9,23,0,0,0,0,0,0,0,10,68.0,59.0,8.0,135.0,0.0,0.0,18977,3
824,ÞÝLE,SORTULLU,191937,0,1,3,8,0,0,0,0,0,0,0,5,0.0,48.0,4.0,52.0,0.0,0.0,20219,3
825,ÞÝLE,ÞUAYÝPLÝ,191923,0,0,7,25,0,0,0,0,0,0,0,6,37.0,69.0,125.0,231.0,0.0,0.0,13654,3
826,ÞÝLE,TEKE,16816,1,3,16,41,0,0,0,0,0,0,0,20,3.0,226.0,36.0,265.0,0.0,0.0,7922,3
827,ÞÝLE,ULUPELÝT,191971,1,2,10,27,0,0,0,0,0,0,0,12,0.0,139.0,29.0,168.0,0.0,0.0,18698,3
828,ÞÝLE,ÜVEZLÝ,191973,0,0,4,16,0,0,0,0,0,0,0,3,5.0,161.0,84.0,250.0,0.0,0.0,11522,3
829,ÞÝLE,YAKA,191939,1,2,8,19,0,0,0,0,0,0,0,10,0.0,85.0,18.0,103.0,0.0,0.0,11475,3
830,ÞÝLE,YAYLALI,191941,0,1,3,9,0,0,0,0,0,0,0,4,0.0,48.0,9.0,56.0,1.0,0.0,29276,3
831,ÞÝLE,YAZIMANAYIR,191943,0,2,7,20,0,0,0,0,0,0,0,9,4.0,107.0,11.0,122.0,0.0,0.0,20853,3
832,ÞÝLE,YENÝKÖY,191895,0,1,7,20,0,0,0,0,0,0,0,10,0.0,142.0,15.0,156.0,1.0,0.0,29261,3
833,ÞÝLE,YEÞÝLVADÝ,191945,0,1,4,13,0,0,0,0,0,0,0,4,5.0,111.0,20.0,136.0,0.0,0.0,12581,3
834,ÞÝÞLÝ,BOZKURT,40687,3,7,37,187,2,1,6,13,0,0,0,174,480.0,377.0,32.0,148.0,710.0,31.0,21541,3
835,ÞÝÞLÝ,CUMHURÝYET,40688,2,4,21,122,2,1,5,10,0,0,0,96,278.0,241.0,56.0,94.0,425.0,56.0,27189,3
836,ÞÝÞLÝ,DUATEPE,40689,2,4,22,118,1,1,5,9,0,0,0,115,264.0,291.0,18.0,69.0,496.0,8.0,17450,3
837,ÞÝÞLÝ,ERGENEKON,40690,1,5,23,98,1,1,3,6,0,0,0,48,165.0,272.0,22.0,193.0,190.0,76.0,22972,3
838,ÞÝÞLÝ,ESENTEPE,40691,2,7,33,145,0,0,3,10,1,0,1,116,486.0,194.0,88.0,319.0,351.0,98.0,27515,3
839,ÞÝÞLÝ,ESKÝÞEHÝR,40692,4,14,69,248,3,2,8,17,0,0,0,286,502.0,523.0,97.0,510.0,595.0,17.0,18158,3
840,ÞÝÞLÝ,FERÝKÖY,40693,3,7,37,182,3,2,8,17,0,0,0,229,383.0,377.0,88.0,148.0,693.0,7.0,15937,3
841,ÞÝÞLÝ,FULYA,40694,2,5,26,166,3,1,10,20,0,1,1,192,426.0,379.0,63.0,126.0,656.0,86.0,15748,3
842,ÞÝÞLÝ,GÜLBAHAR,40695,2,7,37,176,3,1,9,19,0,0,0,313,437.0,429.0,89.0,216.0,618.0,121.0,20178,3
843,ÞÝÞLÝ,HALASKARGAZÝ,40698,1,3,15,80,0,0,2,4,0,0,0,31,230.0,91.0,34.0,55.0,261.0,39.0,19506,3
844,ÞÝÞLÝ,HALÝDE EDÝP ADIVAR,40696,2,6,33,154,2,0,6,15,0,0,0,266,240.0,454.0,90.0,210.0,537.0,37.0,72891,1
845,ÞÝÞLÝ,HALÝL RIFAT PAÞA,40697,1,5,22,80,1,0,3,7,0,0,0,101,83.0,249.0,49.0,258.0,123.0,0.0,32605,3
846,ÞÝÞLÝ,HARBÝYE,40699,1,3,15,68,0,0,1,3,0,0,0,39,142.0,129.0,53.0,116.0,159.0,49.0,60416,3
847,ÞÝÞLÝ,ÝNÖNÜ,40711,3,11,49,172,1,0,3,7,0,0,0,104,411.0,320.0,56.0,470.0,270.0,47.0,14819,3
848,ÞÝÞLÝ,ÝZZET PAÞA,40712,2,6,30,118,2,1,5,10,0,0,0,158,345.0,242.0,16.0,199.0,389.0,15.0,63310,3
849,ÞÝÞLÝ,KAPTANPAÞA,40701,0,1,5,20,0,0,1,2,0,0,0,54,49.0,30.0,22.0,54.0,23.0,24.0,7275,3
850,ÞÝÞLÝ,KUÞTEPE,40702,5,22,104,343,4,3,13,29,0,0,0,397,993.0,701.0,66.0,1335.0,404.0,21.0,34762,1
851,ÞÝÞLÝ,MAHMUT ÞEVKET PAÞA,40703,4,13,64,255,5,3,15,31,0,0,1,440,606.0,502.0,40.0,335.0,795.0,18.0,6743,3
852,ÞÝÞLÝ,MECÝDÝYEKÖY,40705,3,8,42,206,4,1,11,24,0,0,0,286,612.0,437.0,46.0,306.0,694.0,95.0,54837,1
853,ÞÝÞLÝ,MERKEZ,40706,4,10,54,284,3,1,10,21,1,1,1,194,839.0,451.0,89.0,301.0,1007.0,71.0,13328,1
854,ÞÝÞLÝ,MEÞRUTÝYET,40707,7,13,58,263,4,2,10,18,0,0,0,188,600.0,300.0,41.0,96.0,764.0,81.0,38550,1
855,ÞÝÞLÝ,PAÞA,40708,5,21,93,325,4,2,12,27,0,0,1,410,682.0,618.0,221.0,891.0,623.0,7.0,41665,1
856,ÞÝÞLÝ,TEÞVÝKÝYE,40709,3,6,30,180,2,1,7,15,0,0,0,155,449.0,369.0,58.0,145.0,656.0,75.0,8076,3
857,ÞÝÞLÝ,YAYLA,40710,4,14,65,212,3,2,9,20,0,0,0,308,510.0,321.0,118.0,553.0,391.0,5.0,46999,1
858,TUZLA,AKFIRAT,40725,1,11,65,117,0,0,0,2,0,0,0,142,0.0,0.0,480.0,475.0,5.0,0.0,32238,3
859,TUZLA,ANADOLU,40730,0,4,23,48,0,0,0,1,0,0,0,43,0.0,40.0,160.0,193.0,7.0,0.0,2471,3
860,TUZLA,AYDINLI,40720,41,176,821,1481,22,12,87,188,2,3,9,3467,158.0,2730.0,2258.0,4130.0,844.0,172.0,905,0
861,TUZLA,AYDINTEPE,40717,11,38,191,458,12,6,34,72,1,1,2,1119,140.0,699.0,615.0,744.0,592.0,118.0,55493,1
862,TUZLA,CAMÝ,40724,26,73,250,278,11,6,33,61,1,1,2,729,170.0,457.0,283.0,809.0,100.0,1.0,23998,1
863,TUZLA,EVLÝYA ÇELEBÝ,40718,19,65,255,395,9,4,27,56,1,1,3,931,88.0,590.0,554.0,871.0,360.0,1.0,5260,0
864,TUZLA,FATÝH,40731,1,5,32,72,0,0,0,0,0,0,0,43,0.0,61.0,271.0,303.0,29.0,0.0,10861,3
865,TUZLA,ÝÇMELER,40716,14,43,193,344,8,5,27,54,0,0,1,725,269.0,713.0,198.0,908.0,271.0,1.0,1045,3
866,TUZLA,ÝSTASYON,40723,46,98,312,450,29,19,80,149,1,2,5,1930,301.0,398.0,664.0,894.0,469.0,0.0,10467,0
867,TUZLA,MESCÝT,40732,5,27,123,197,1,1,7,17,1,1,2,371,13.0,41.0,638.0,625.0,67.0,0.0,19935,3
868,TUZLA,MÝMAR SÝNAN,40721,77,199,586,717,57,43,159,293,1,2,5,3143,240.0,1582.0,490.0,1998.0,262.0,52.0,4612,2
869,TUZLA,ORHANLI,40728,12,72,332,526,1,1,6,12,0,1,4,157,81.0,89.0,1675.0,1693.0,148.0,4.0,24236,0
870,TUZLA,ORTA,40729,3,24,138,274,1,0,4,13,0,1,1,429,2.0,11.0,967.0,762.0,216.0,2.0,1903,3
871,TUZLA,POSTANE,40719,56,183,737,1001,17,10,65,130,2,2,6,1878,719.0,1416.0,1223.0,3061.0,288.0,9.0,10387,0
872,TUZLA,ÞÝFA,40722,103,238,673,733,81,50,218,392,2,2,6,4163,234.0,1538.0,584.0,1844.0,483.0,29.0,19574,2
873,TUZLA,TEPEÖREN,40726,8,49,287,595,0,0,2,4,1,1,0,332,78.0,188.0,2515.0,2699.0,81.0,1.0,28263,0
874,TUZLA,YAYLA,40715,23,65,292,553,19,12,59,121,1,1,2,1815,387.0,583.0,740.0,1105.0,598.0,7.0,6673,1
875,ÜMRANÝYE,ADEM YAVUZ,98684,5,24,137,356,2,1,12,28,0,0,1,599,390.0,927.0,342.0,1383.0,254.0,22.0,26839,3
876,ÜMRANÝYE,ALTINÞEHÝR,98685,3,15,126,418,3,1,12,31,1,1,1,694,180.0,1020.0,647.0,938.0,895.0,14.0,17630,1
877,ÜMRANÝYE,ARMAÐANEVLER,98686,2,9,87,346,1,0,9,26,0,0,1,678,240.0,499.0,947.0,562.0,1002.0,122.0,28231,1
878,ÜMRANÝYE,AÞAÐI DUDULLU,40742,5,26,151,337,2,1,11,26,0,0,1,497,111.0,845.0,408.0,1113.0,224.0,27.0,37444,3
879,ÜMRANÝYE,ATAKENT,40748,1,6,57,197,0,0,4,14,0,0,0,412,24.0,548.0,416.0,656.0,290.0,42.0,12611,3
880,ÜMRANÝYE,ATATÜRK,40735,2,7,68,276,2,1,9,23,0,0,0,423,366.0,518.0,465.0,519.0,770.0,60.0,21146,3
881,ÜMRANÝYE,CEMÝL MERÝÇ,98688,14,56,284,644,7,7,24,57,1,1,1,1014,325.0,2024.0,531.0,2618.0,241.0,21.0,24740,0
882,ÜMRANÝYE,ÇAKMAK,40738,1,5,52,275,0,0,5,18,0,0,1,424,150.0,464.0,908.0,394.0,1071.0,57.0,37323,1
883,ÜMRANÝYE,ÇAMLIK,98689,0,3,28,161,0,0,2,8,0,0,0,209,4.0,344.0,625.0,277.0,613.0,83.0,22420,3
884,ÜMRANÝYE,DUMLUPINAR,98690,5,29,163,434,0,0,9,23,0,0,1,460,276.0,1674.0,517.0,2417.0,49.0,1.0,22094,3
885,ÜMRANÝYE,ELMALIKENT,98691,3,20,141,383,0,0,8,24,0,0,1,599,90.0,1589.0,399.0,1816.0,220.0,42.0,13076,3
886,ÜMRANÝYE,ESENEVLER,98692,1,3,37,196,0,0,3,13,0,0,0,285,74.0,473.0,610.0,374.0,727.0,56.0,22176,3
887,ÜMRANÝYE,ESENKENT,98709,3,21,163,462,0,0,4,18,1,1,2,580,40.0,997.0,1017.0,1434.0,601.0,19.0,26864,0
888,ÜMRANÝYE,ESENÞEHÝR,40747,5,24,163,414,4,1,13,31,1,1,1,692,157.0,894.0,601.0,1077.0,553.0,22.0,19953,1
889,ÜMRANÝYE,FATÝH SULTAN MEHMET,98693,0,2,15,54,0,0,1,3,0,0,0,73,15.0,57.0,147.0,107.0,94.0,18.0,19317,3
890,ÜMRANÝYE,HEKÝMBAÞI,40744,3,18,107,286,0,0,3,12,0,0,0,201,197.0,1140.0,360.0,1678.0,18.0,1.0,3976,3
891,ÜMRANÝYE,HUZUR,98694,2,14,108,264,0,0,5,15,0,0,1,356,37.0,798.0,395.0,1089.0,137.0,4.0,8495,3
892,ÜMRANÝYE,IHLAMURKUYU,40745,6,26,147,373,3,2,13,31,0,1,1,635,398.0,846.0,402.0,1249.0,379.0,18.0,12001,3
893,ÜMRANÝYE,ÝNKILAP,40737,4,22,175,481,1,0,8,26,1,1,1,776,240.0,1498.0,755.0,2020.0,379.0,94.0,16308,0
894,ÜMRANÝYE,ÝSTÝKLAL,40739,2,7,69,335,1,0,7,24,0,0,1,589,103.0,918.0,827.0,505.0,1266.0,77.0,29569,1
895,ÜMRANÝYE,KAZIM KARABEKÝR,40743,5,25,179,459,2,0,9,25,0,0,1,580,562.0,1465.0,402.0,2243.0,183.0,3.0,47160,1
896,ÜMRANÝYE,MADENLER,98695,1,7,57,187,0,0,3,12,0,0,1,305,5.0,397.0,532.0,621.0,276.0,37.0,17257,3
897,ÜMRANÝYE,MEHMET AKÝF,98696,0,2,19,110,0,0,2,8,0,0,0,226,5.0,165.0,507.0,136.0,375.0,166.0,14327,3
898,ÜMRANÝYE,NAMIK KEMAL,40736,2,7,68,283,1,0,8,20,0,0,0,434,366.0,631.0,553.0,656.0,862.0,32.0,24911,3
899,ÜMRANÝYE,NECÝP FAZIL,98699,9,43,238,532,8,2,24,55,1,1,1,1235,30.0,1163.0,790.0,1362.0,541.0,80.0,28849,0
900,ÜMRANÝYE,PARSELLER,98700,3,18,124,301,1,0,8,22,0,0,1,584,2.0,679.0,641.0,1083.0,222.0,17.0,27002,3
901,ÜMRANÝYE,SARAY,98701,1,3,24,73,0,0,0,1,0,0,0,24,43.0,71.0,254.0,293.0,40.0,35.0,15373,3
902,ÜMRANÝYE,SÝTE,98702,4,17,101,297,2,1,9,26,0,1,1,656,276.0,610.0,570.0,986.0,349.0,121.0,2307,3
903,ÜMRANÝYE,ÞERÝFALÝ,98703,1,5,48,179,0,0,1,4,0,0,1,133,7.0,280.0,679.0,508.0,391.0,67.0,8460,3
904,ÜMRANÝYE,TANTAVÝ,98704,1,3,24,83,0,0,2,6,0,0,0,182,36.0,200.0,191.0,166.0,234.0,27.0,25779,3
905,ÜMRANÝYE,TATLISU,98705,0,3,24,110,0,0,1,7,0,0,0,223,8.0,260.0,421.0,279.0,221.0,189.0,10002,3
906,ÜMRANÝYE,TEPEÜSTÜ,98706,1,6,50,181,1,0,4,12,0,0,0,262,201.0,499.0,225.0,544.0,364.0,17.0,20041,3
907,ÜMRANÝYE,TOPAÐACI,98707,5,32,186,501,0,0,7,23,0,1,1,515,260.0,2051.0,611.0,2868.0,54.0,0.0,13593,0
908,ÜMRANÝYE,YAMANEVLER,98708,1,5,47,185,0,0,4,13,0,0,0,251,163.0,352.0,334.0,404.0,434.0,11.0,14977,3
909,ÜMRANÝYE,YUKARI DUDULLU,40741,4,21,159,483,1,0,6,19,1,1,1,539,67.0,1383.0,856.0,1524.0,762.0,20.0,14190,0
910,ÜSKÜDAR,ACIBADEM,40778,2,6,38,185,2,1,13,28,0,0,1,385,268.0,412.0,146.0,92.0,690.0,44.0,20295,3
911,ÜSKÜDAR,AHMEDÝYE,98664,3,7,46,164,3,1,9,18,0,0,0,312,203.0,324.0,69.0,143.0,450.0,3.0,24747,3
912,ÜSKÜDAR,ALTUNÝZADE,40781,2,8,52,197,1,0,6,16,0,0,1,895,173.0,461.0,195.0,353.0,413.0,63.0,9520,3
913,ÜSKÜDAR,AZÝZ MAHMUT HÜDAYÝ,98665,7,16,93,240,4,2,13,25,0,0,0,171,416.0,348.0,62.0,394.0,428.0,4.0,13886,3
914,ÜSKÜDAR,BAHÇELÝEVLER,40785,6,29,154,419,2,1,11,30,0,0,1,395,569.0,1254.0,417.0,1944.0,295.0,1.0,8880,3
915,ÜSKÜDAR,BARBAROS,40786,2,7,44,152,2,1,8,19,0,0,0,478,181.0,400.0,60.0,270.0,349.0,22.0,21240,3
916,ÜSKÜDAR,BEYLERBEYÝ,40787,4,14,98,218,0,0,4,13,0,0,0,330,540.0,215.0,157.0,773.0,139.0,0.0,18139,3
917,ÜSKÜDAR,BULGURLU,40788,1,5,51,253,1,0,6,18,0,0,0,627,124.0,1076.0,160.0,386.0,928.0,46.0,5749,3
918,ÜSKÜDAR,BURHANÝYE,40789,4,17,132,364,1,0,10,24,0,0,1,605,501.0,831.0,332.0,1153.0,510.0,1.0,30753,1
919,ÜSKÜDAR,CUMHURÝYET,40790,3,8,84,386,2,1,11,28,0,1,1,693,230.0,1119.0,523.0,460.0,1390.0,22.0,16929,1
920,ÜSKÜDAR,ÇENGELKÖY,98666,7,24,171,402,2,1,11,27,1,0,1,320,713.0,847.0,259.0,1432.0,384.0,3.0,14298,1
921,ÜSKÜDAR,FERAH,40794,6,23,149,358,5,3,19,42,1,0,1,332,204.0,775.0,315.0,815.0,479.0,0.0,36237,1
922,ÜSKÜDAR,GÜZELTEPE,40797,3,12,106,283,1,0,6,17,0,0,0,168,423.0,727.0,251.0,1092.0,308.0,1.0,20482,3
923,ÜSKÜDAR,ÝCADÝYE,40802,6,17,106,341,5,1,15,31,0,0,0,782,685.0,580.0,97.0,478.0,883.0,1.0,13438,1
924,ÜSKÜDAR,KANDÝLLÝ,40806,1,6,47,113,0,0,0,1,0,0,0,159,211.0,279.0,86.0,554.0,22.0,0.0,17160,3
925,ÜSKÜDAR,KISIKLI,40809,4,17,128,373,2,1,10,27,1,1,1,471,256.0,991.0,315.0,938.0,611.0,13.0,1712,3
926,ÜSKÜDAR,KÝRAZLITEPE,40808,6,24,158,351,3,2,14,31,0,0,0,120,733.0,580.0,191.0,1361.0,143.0,0.0,13296,3
927,ÜSKÜDAR,KULELÝ,40810,1,6,37,93,0,0,0,4,0,0,0,172,251.0,188.0,36.0,461.0,14.0,0.0,19659,3
928,ÜSKÜDAR,KUZGUNCUK,40811,4,16,109,264,1,0,5,11,0,0,0,268,304.0,574.0,184.0,935.0,127.0,0.0,10917,3
929,ÜSKÜDAR,KÜÇÜKÇAMLICA,98667,5,24,157,364,0,0,7,25,1,1,1,466,243.0,790.0,458.0,1267.0,222.0,2.0,19655,3
930,ÜSKÜDAR,KÜÇÜKSU,40812,3,13,100,276,1,0,4,18,0,0,1,358,291.0,904.0,239.0,1056.0,377.0,1.0,2280,3
931,ÜSKÜDAR,KÜPLÜCE,40813,5,17,142,357,2,1,11,26,0,0,1,228,717.0,744.0,148.0,1201.0,408.0,0.0,17542,1
932,ÜSKÜDAR,MEHMET AKÝF ERSOY,40814,5,22,168,416,3,1,13,32,0,0,1,308,578.0,1045.0,300.0,1574.0,341.0,8.0,4358,3
933,ÜSKÜDAR,MÝMAR SÝNAN,98668,12,27,131,342,11,6,29,58,0,0,1,722,493.0,412.0,143.0,522.0,524.0,2.0,20960,1
934,ÜSKÜDAR,MURATREÝS,40815,4,11,67,259,6,3,16,32,0,0,0,420,520.0,320.0,159.0,401.0,597.0,1.0,12077,3
935,ÜSKÜDAR,SALACAK,40804,4,8,56,199,3,2,9,20,0,0,0,908,475.0,247.0,49.0,252.0,518.0,1.0,14161,3
936,ÜSKÜDAR,SELAMÝ ALÝ,40819,3,9,53,203,4,2,12,25,0,0,0,295,378.0,276.0,128.0,188.0,591.0,3.0,9545,3
937,ÜSKÜDAR,SELÝMÝYE,40820,6,16,76,208,3,1,8,16,0,1,0,326,443.0,236.0,100.0,396.0,372.0,11.0,13245,3
938,ÜSKÜDAR,SULTANTEPE,98669,7,15,78,222,6,3,18,35,0,0,0,888,468.0,222.0,47.0,198.0,538.0,1.0,8658,3
939,ÜSKÜDAR,ÜNALAN,40827,8,24,173,507,7,3,23,51,1,1,1,915,953.0,1059.0,190.0,1239.0,805.0,158.0,11452,1
940,ÜSKÜDAR,VALÝDE-Ý ATÝK,40828,5,13,82,316,7,3,19,39,0,0,0,942,576.0,475.0,163.0,291.0,922.0,1.0,34162,1
941,ÜSKÜDAR,YAVUZTÜRK,40830,5,27,220,612,2,1,15,42,1,1,1,387,496.0,2354.0,372.0,2804.0,387.0,31.0,21519,0
942,ÜSKÜDAR,ZEYNEP KAMÝL,98670,2,5,35,173,3,1,10,20,0,0,0,241,248.0,424.0,27.0,112.0,586.0,1.0,34355,3
943,ZEYTÝNBURNU,BEÞTELSÝZ,40838,43,89,354,622,56,31,147,268,0,1,2,2291,361.0,880.0,309.0,482.0,1058.0,10.0,12559,1
944,ZEYTÝNBURNU,ÇIRPICI,40837,49,98,357,572,77,43,202,360,1,1,2,2760,381.0,759.0,311.0,464.0,986.0,1.0,23926,2
945,ZEYTÝNBURNU,GÖKALP,40834,31,62,253,456,45,24,118,215,0,1,2,1111,116.0,716.0,243.0,218.0,856.0,1.0,29022,1
946,ZEYTÝNBURNU,KAZLIÇEÞME,40840,25,44,126,182,13,8,36,68,0,1,3,346,111.0,171.0,240.0,449.0,60.0,13.0,19959,3
947,ZEYTÝNBURNU,MALTEPE,40843,62,125,378,513,15,8,44,81,1,1,4,181,450.0,927.0,185.0,1228.0,269.0,65.0,2078,0
948,ZEYTÝNBURNU,MERKEZEFENDÝ,40842,29,60,216,369,39,24,105,193,1,1,2,2617,182.0,625.0,162.0,469.0,469.0,31.0,2592,1
949,ZEYTÝNBURNU,NURÝPAÞA,40832,39,77,308,529,66,37,173,314,1,1,2,3220,43.0,1017.0,183.0,251.0,991.0,1.0,23742,2
950,ZEYTÝNBURNU,SEYÝTNÝZAM,40841,37,92,363,592,51,28,134,246,1,1,3,2363,157.0,1024.0,372.0,839.0,672.0,42.0,27283,1
951,ZEYTÝNBURNU,SÜMER,40831,41,80,319,561,87,47,229,414,1,1,3,5682,53.0,1025.0,223.0,252.0,989.0,60.0,24113,2
952,ZEYTÝNBURNU,TELSÝZ,40839,72,133,470,801,84,48,223,400,1,1,3,1094,567.0,763.0,710.0,596.0,1443.0,1.0,36848,2
953,ZEYTÝNBURNU,VELÝEFENDÝ,40836,39,80,309,530,66,38,175,317,1,1,2,3400,92.0,1020.0,185.0,418.0,879.0,0.0,37515,2
954,ZEYTÝNBURNU,YENÝDOÐAN,40833,17,33,135,234,24,13,63,114,0,0,1,1715,31.0,450.0,67.0,109.0,438.0,1.0,27737,1
955,ZEYTÝNBURNU,YEÞÝLTEPE,40835,26,52,211,374,45,25,118,216,0,0,1,4250,50.0,726.0,113.0,203.0,685.0,1.0,10884,1
